L_ID,Lamb ID,Date,Time,Sex,Weight,LAC,Comments,Multiple
1,9004,5,,F,,,verde,
2,9000,1,,F,,,rojo,
3,9002,3,,M,,,blanco,
4,9005,6,,F,,,verde,
5,9006,,,M,,,verde,
6,9009,,,f,,,verde,
7,9010,,,m,,,,
8,9011,,,f,,,,
9,9013,,,f,,,cuates,
10,9014,,,f,,,cuates,
11,9016,,,m,,,,
12,9020,,,f,,,,
13,9018,,,m,,,,
14,9019,,,m,,,,
15,9017,,,m,,,,
16,9015,,,m,,,,
17,9016,,,m,,,,
18,9012,,,f,,,,
19,9007,,,f,,,cuates,
20,9008,,,f,,,cuates,
21,9003,4,,f,,,blanco,
22,9001,2,,m,,,verde,
23,2410000,5/1/24,4:00 PM,m,12.0,,,
24,2410001,5/1/24,4:15 PM,m,11.4,,,
25,2410002,4/30/24,6:00 AM,f,10.2,,,
26,2410003,5/2/24,5:00 AM,m,9.0,,,
27,2410004,5/2/24,5:05 AM,m,11.0,,,
28,2410010,5/3/24,6:00 AM,m,9.0,,,
29,2410011,5/3/24,6:00 AM,f,10.2,,,
30,2410012,5/3/24,6:00 AM,f,6.4,,,
31,2410013,5/3/24,6:00 AM,f,6.4,,,
32,2410014,5/3/24,6:00 AM,f,8.4,,,
33,2410028,5/3/24,1:00 PM,f,9.0,,,
34,2410039,5/4/24,5:00 AM,f,9.0,,,
35,2410040,5/4/24,5:00 AM,m,6.2,,,
36,24100211,5/4/24,6:00 AM,m,10.2,,,
37,2410042,5/4/24,6:00 AM,m,13.0,,,
38,2410045,5/4/24,7:00 AM,m,9.8,,,
39,2410046,5/4/24,7:00 AM,m,11.6,,,
40,2410051,5/3/24,8:00 PM,m,8.0,,,
41,2410052,5/3/24,8:00 PM,m,9.4,,,
42,2410053,5/4/24,8:00 AM,m,8.6,,,
43,2410030,5/3/24,3:00 PM,m,11.0,,,
44,2410031,5/3/24,3:00 PM,f,8.2,,,
45,2410032,5/3/24,5:30 PM,f,8.8,,,
46,2410033,5/3/24,5:35 PM,m,8.8,,,
47,2410034,5/3/24,5:45 PM,f,7.4,,,
48,2410035,5/3/24,5:30 PM,m,12.0,,,
49,2410036,5/4/24,3:00 AM,m,13.8,,,
50,2410037,5/4/24,4:00 AM,f,10.0,,pata chueca,
51,2410038,5/4/24,4:00 AM,m,12.2,,,
52,2410043,5/4/24,6:00 AM,f,10.0,,,
53,2410044,5/4/24,6:00 AM,f,9.8,,,
54,2410047,5/4/24,7:00 AM,m,9.0,,,
55,2410048,5/4/24,7:00 AM,m,10.4,,,
56,2410049,5/3/24,7:00 PM,m,10.0,,,
57,2410050,5/3/24,7:00 PM,f,8.8,,,
58,2410054,5/4/24,8:00 AM,m,10.2,,,
59,2410055,5/4/24,8:00 AM,m,14.6,,,
60,2410056,5/4/24,9:00 AM,f,9.0,,,
61,2410057,5/4/24,9:00 AM,f,10.2,,,
62,2410026,5/3/24,1:00 PM,m,9.2,,,
63,2410026,5/3/24,1:00 PM,f,8.2,,,
64,2410024,5/3/24,1:00 PM,f,10.0,,,
65,2410025,5/3/24,1:00 PM,f,10.0,,,
66,2410023,5/3/24,1:00 PM,f,8.4,,,
67,2410024,5/3/24,1:30 PM,m,9.4,,,
68,2410022,5/3/24,9:00 AM,f,12.4,,,
69,2410020,5/3/24,7:00 AM,f,10.6,,,
70,2410021,5/3/24,7:00 AM,f,9.2,,,
71,2410018,5/3/24,7:00 AM,f,10.0,,,
72,2410019,5/3/24,7:00 AM,m,10.2,,,
73,2410015,5/3/24,7:00 AM,m,9.0,,,
74,2410016,5/3/24,7:00 AM,m,8.2,,,
75,2410017,5/3/24,7:00 AM,m,6.6,,,
76,2410008,5/3/24,6:00 AM,f,8.8,,,
77,2410009,5/3/24,6:00 AM,m,8.4,,,
78,2410006,5/3/24,6:00 AM,f,10.2,,,
79,2410007,5/3/24,6:00 AM,m,9.0,,,
80,2410005,5/2/24,12:00 PM,f,14.2,,,
81,249021,5/6/24,3:30 PM,m,10.6,1.0,Nacio Meruto - Hermono Deforme,
82,249022,5/7/24,10:00 AM,f,8.6,,,
83,249023,5/7/24,10:00 AM,m,8.0,,,
84,249024,5/7/24,1:00 PM,m,5.8,,,
85,249025,5/7/24,1:10 PM,m,7.0,,,
86,249026,5/7/24,1:20 PM,f,5.8,,,
87,249027,5/8/24,6:00 AM,m,10.4,,,
88,249028,5/8/24,6:00 AM,m,8.8,,,
89,249029,5/8/24,6:00 AM,m,13.8,,,
90,249030,5/8/24,6:00 AM,m,11.6,,,
91,249031,5/8/24,6:30 AM,m,6.4,,,
92,249032,5/8/24,6:30 AM,f,7.4,,,
93,249033,5/8/24,7:00 AM,m,10.6,,,
94,249034,5/8/24,7:00 AM,f,9.8,,,
95,249035,5/8/24,7:00 AM,f,10.8,,,
96,249036,5/8/24,,f,10.6,,,
97,249037,5/8/24,10:00 AM,m,10.6,,,
98,249038,,10:00 AM,m,11.0,,,
99,249039,5/8/24,4:00 PM,f,11.4,,,
100,249040,5/9/24,6:00 AM,m,13.0,,,
101,249041,5/9/24,6:30 AM,m,8.8,,,
102,249042,5/9/24,11:00 AM,f,9.4,,,
103,249043,5/9/24,11:30 AM,m,8.4,,,
104,249044,5/9/24,11:50 AM,f,9.2,,,
105,249045,5/9/24,12:00 PM,m,11.4,,,
106,249046,5/9/24,12:00 PM,,7.0,,,
107,249047,5/9/24,12:15 PM,f,10.2,,,
108,249048,5/9/24,1:00 PM,f,9.8,,,
109,249049,5/9/24,1:15 PM,m,9.2,,,
110,249050,5/9/24,1:30 PM,f,14.2,,,
111,249051,5/10/24,5:00 AM,m,11.6,,,
112,249052,5/9/24,2:00 PM,m,10.0,,,
113,249053,5/9/24,2:10 PM,m,10.6,,,
114,249054,5/10/24,5:00 AM,m,11.6,,,
115,249055,5/10/24,6:00 AM,m,13.8,,,
116,249056,5/10/24,7:00 AM,m,11.4,,,
117,249057,5/10/24,1:00 PM,f,11.2,,,
118,249058,5/10/24,1:10 PM,f,11.6,,,
119,249059,5/10/24,1:15 PM,f,7.2,,,
120,249060,5/10/24,1:30 PM,f,7.4,,,
121,249061,5/10/24,1:40 PM,f,6.4,,,
122,249062,5/10/24,1:30 PM,m,12.2,,,
123,249063,5/10/24,1:45 PM,m,12.2,,,
124,249064,5/11/24,5:10 AM,m,10.8,,,
125,249065,5/11/24,5:25 AM,m,10.4,,,
126,249066,5/11/24,5:30 AM,m,11.6,,,
127,249067,5/11/24,5:30 AM,f,8.1,,,
128,249068,5/11/24,5:55 AM,f,8.8,,,
129,249069,5/11/24,6:00 AM,m,12.6,,,
130,249070,5/11/24,6:00 AM,m,,,,
131,249071,5/11/24,6:20 AM,f,11.2,,,
132,249072,5/11/24,6:20 AM,m,9.8,,,
133,249073,5/11/24,6:20 AM,m,10.0,,,
134,249074,5/11/24,6:20 AM,f,7.0,,,
135,249075,5/12/24,7:00 AM,m,10.0,,,
136,249076,5/12/24,7:00 AM,m,9.2,,,
137,249077,5/12/24,7:15 AM,f,8.6,,,
138,249078,5/12/24,7:15 AM,f,10.8,,,
139,249079,5/12/24,7:15 AM,f,9.4,,,
140,249080,5/12/24,7:20 AM,f,12.4,,,
141,249081,5/12/24,11:50 AM,m,12.2,,,
142,249082,5/12/24,2:00 PM,f,12.8,,,
143,249083,5/13/24,5:00 AM,f,12.6,,,
144,249084,5/13/24,7:00 AM,f,6.6,,,
145,249085,5/13/24,8:00 AM,m,11.6,,,
146,249086,5/13/24,8:00 AM,m,11.4,,,
147,249087,5/13/24,10:00 AM,f,11.6,,,
148,249088,5/13/24,11:00 AM,f,9.4,,,
149,249089,5/13/24,11:00 AM,m,10.8,,,
150,249090,5/13/24,1:00 PM,f,10.0,,,
151,249091,5/13/24,1:00 PM,f,9.4,,,
152,249092,5/13/24,1:30 PM,f,10.4,,cuelco doblado,
153,249093,5/13/24,1:30 PM,m,11.4,,,
154,249094,5/13/24,2:00 PM,m,12.4,,,
155,249095,5/13/24,2:00 PM,f,12.8,,,
156,249096,5/14/24,6:00 AM,f,9.8,,,
157,249097,5/14/24,6:30 AM,f,9.4,,,
158,249098,5/14/24,7:30 AM,m,14.4,,,
159,249099,5/14/24,8:00 AM,m,10.2,,,
160,249100,5/14/24,8:15 AM,m,11.8,,,
161,249101,5/14/24,10:00 AM,m,12.6,,,
162,249102,5/14/24,10:30 AM,f,10.2,,,
163,249103,5/14/24,11:00 AM,m,13.8,,,
164,249104,5/14/24,12:00 PM,m,11.2,,,
165,249105,5/14/24,1:00 PM,f,9.4,,,
166,249106,5/14/24,1:00 PM,m,11.6,,,
167,249107,5/15/24,5:00 AM,f,13.2,,,
168,249108,5/15/24,5:00 AM,f,13.5,,,
169,249109,5/15/24,6:00 AM,f,11.2,,,
170,249110,5/15/24,7:00 AM,f,10.2,,,
171,249111,5/15/24,7:30 AM,f,9.0,,,
172,249112,5/15/24,7:40 AM,f,8.8,,,
173,249113,5/15/24,8:00 AM,f,11.4,,,
174,249114,5/15/24,9:00 AM,m,14.4,,,
175,249115,5/15/24,10:00 AM,f,8.7,,,
176,249116,5/15/24,10:00 AM,m,8.5,,,
177,249117,5/15/24,10:00 AM,m,11.3,,,
178,249118,5/15/24,11:00 AM,m,9.0,,,
179,249119,5/15/24,12:00 PM,f,7.3,,,
180,249120,5/15/24,12:00 PM,f,7.7,,,
181,249121,5/15/24,2:30 PM,m,10.2,,,
182,249122,5/15/24,2:30 PM,m,9.0,,,
183,249123,5/15/24,2:30 PM,f,10.2,,,
184,249124,5/15/24,2:30 PM,m,10.4,,,
185,249125,5/16/24,6:00 AM,f,11.2,,,
186,249126,5/16/24,9:00 AM,m,11.0,,,
187,249127,5/16/24,9:00 AM,m,11.2,,,
188,249128,5/16/24,10:00 AM,f,11.4,,,
189,249129,5/16/24,11:00 AM,m,11.0,,,
190,249130,5/16/24,11:00 AM,m,12.6,,,
191,249131,5/16/24,12:00 PM,f,12.8,,,
192,249132,5/17/24,5:00 AM,m,11.6,,,
193,249133,5/17/24,6:00 AM,f,9.0,,,
194,249134,5/17/24,9:00 AM,f,12.0,,,
195,249135,5/17/24,10:00 AM,f,10.4,,,
196,249136,5/17/24,10:00 AM,f,9.2,,,
197,249137,5/17/24,10:10 AM,m,8.8,,,
198,249138,5/17/24,10:30 AM,f,13.4,,,
199,249139,5/17/24,11:00 AM,f,9.2,,,
200,249140,5/17/24,11:10 AM,f,9.2,,,
201,249141,5/17/24,11:30 AM,f,10.8,,,
202,249142,5/17/24,11:41 AM,m,10.8,,,
203,249143,5/18/24,6:00 AM,m,10.8,,,
204,249144,5/18/24,6:10 AM,f,10.8,,,
205,249145,5/18/24,7:00 AM,m,8.6,,,
206,249146,5/18/24,9:00 AM,m,9.2,,,
207,249147,5/18/24,9:00 AM,f,8.4,,,
208,249148,5/18/24,9:10 AM,m,8.2,,,
209,249149,5/18/24,10:00 AM,f,9.0,,,
210,249150,5/18/24,10:00 AM,m,11.0,,,
211,249151,5/18/24,11:00 AM,m,12.6,,,
212,249152,5/18/24,12:00 PM,m,10.8,,,
213,249153,5/18/24,12:00 PM,f,10.6,,,
214,249154,5/19/24,5:00 AM,m,12.2,,,
215,249155,5/19/24,5:00 AM,f,12.0,,,
216,249156,5/19/24,5:30 AM,m,7.2,,,
217,249157,5/19/24,5:30 AM,f,6.8,,,
218,249158,5/19/24,6:00 AM,f,10.0,,,
219,249159,5/19/24,6:00 AM,m,10.6,,,
220,249160,5/19/24,9:00 AM,m,10.8,,,
221,249161,5/19/24,11:00 AM,m,13.0,,,
222,249162,5/19/24,12:00 PM,f,15.0,,,
223,249163,5/20/24,7:00 AM,f,9.4,,,
224,249164,5/20/24,7:00 AM,f,8.4,,,
225,249165,5/20/24,9:00 AM,m,12.2,,,
226,249166,5/20/24,9:00 AM,f,13.2,,,
227,249167,5/20/24,9:00 AM,f,10.0,,,
228,249168,5/20/24,9:30 AM,f,8.2,,,
229,249169,5/20/24,9:30 AM,m,8.6,,,
230,249170,5/20/24,10:00 AM,m,13.2,,,
231,249171,5/20/24,10:00 AM,f,12.4,,,
232,249172,5/20/24,11:00 AM,f,13.4,,,
233,249173,5/20/24,11:30 AM,m,11.4,,,
234,249174,5/20/24,12:00 PM,m,11.4,,,
235,249175,5/20/24,12:00 PM,f,14.6,,,
236,249176,5/21/24,6:00 AM,m,10.6,,,
237,249177,5/21/24,6:20 AM,m,8.8,,,
238,249178,5/21/24,8:00 AM,f,9.0,,,
239,249179,5/21/24,9:00 AM,f,8.2,,,
240,249180,5/21/24,9:10 AM,m,7.4,,,
241,249181,5/21/24,10:00 AM,f,10.6,,,
242,249182,5/21/24,11:00 AM,f,10.8,,,
243,249183,5/21/24,11:00 AM,m,11.6,,,
244,249184,5/21/24,11:00 AM,f,12.8,,,
245,249185,5/21/24,11:30 AM,f,10.0,,,
246,249186,5/21/24,11:40 AM,m,10.0,,,
247,249187,5/21/24,12:00 PM,f,10.6,,,
248,249188,5/21/24,12:00 PM,f,9.0,,,
249,249189,5/21/24,12:30 PM,m,14.4,,,
250,249190,5/21/24,1:00 PM,m,10.6,,,
251,249191,5/21/24,1:30 PM,f,10.4,,,
252,249192,5/21/24,1:30 PM,m,11.2,,,
253,249193,5/22/24,6:00 AM,f,12.2,,,
254,249194,5/22/24,6:30 AM,m,10.8,,,
255,249195,5/22/24,6:30 AM,m,13.0,,,
256,249196,5/22/24,7:00 AM,m,2.4,,,
257,249197,5/22/24,7:00 AM,f,9.0,,,
258,249198,5/22/24,9:30 AM,m,11.4,,,
259,249199,5/22/24,9:45 AM,m,10.0,,,
260,247000,5/23/24,6:00 AM,f,12.2,,arete azul,
261,247001,5/23/24,7:00 AM,f,12.0,,arete azul,
262,247002,5/23/24,7:00 AM,m,13.0,,,
263,247003,5/23/24,8:00 AM,f,12.2,,,
264,247004,5/23/24,8:30 AM,m,12.8,,,
265,247005,5/23/24,9:00 AM,m,11.6,,,
266,247006,5/23/24,9:30 AM,m,8.8,,,
267,247007,5/23/24,9:40 AM,m,13.2,,,
268,247008,5/23/24,10:00 AM,f,11.4,,,
269,247009,5/23/24,11:00 AM,m,8.4,,,
270,247010,5/23/24,11:20 AM,f,9.8,,,
271,247011,5/23/24,12:00 PM,m,9.4,,,
272,247012,5/24/24,9:00 AM,m,14.4,,,
273,247013,5/24/24,9:30 AM,f,10.4,,,
274,247014,5/24/24,9:30 AM,f,6.6,,,
275,247015,5/24/24,10:00 AM,f,13.2,,,
276,247016,5/25/24,5:00 AM,f,11.6,,,
277,247017,5/25/24,5:20 AM,f,10.0,,,
278,247018,5/25/24,6:00 AM,f,13.8,,,
279,247019,5/25/24,7:00 AM,m,12.8,,,
280,247020,5/25/24,8:00 AM,m,11.2,,,
281,247021,5/25/24,8:30 AM,m,13.6,,,
282,247022,5/25/24,8:30 AM,m,10.0,,,
283,247023,5/25/24,8:45 AM,m,11.2,,,
284,247024,5/25/24,9:00 AM,f,10.2,,,
285,247025,5/26/24,7:00 AM,f,8.8,,,
286,247026,5/26/24,7:00 AM,f,9.8,,,
287,247027,5/26/24,7:30 AM,f,11.6,,,
288,247028,5/26/24,8:00 AM,m,11.0,,,
289,247029,5/26/24,8:00 AM,f,10.2,,,
290,247030,5/26/24,8:30 AM,f,12.4,,,
291,247031,5/26/24,9:00 AM,m,14.4,,,
292,247032,5/26/24,10:00 AM,m,9.4,,,
293,247033,5/26/24,10:00 AM,m,11.2,,,
294,247034,5/26/24,11:00 AM,f,14.2,,,
295,247035,5/27/24,7:00 AM,f,14.8,,,
296,247036,5/28/24,5:00 AM,f,12.8,,,
297,247037,5/28/24,7:00 AM,m,10.8,,,
298,247038,5/28/24,8:00 AM,f,10.4,,,
299,247039,5/28/24,8:00 AM,f,11.6,,,
300,247040,5/29/24,7:00 AM,m,15.0,,,
301,247041,5/29/24,8:00 AM,m,11.4,,,
302,247042,5/29/24,8:30 AM,f,10.8,,,
303,247043,5/29/24,9:00 AM,f,8.8,,,
304,247044,5/29/24,9:00 AM,f,8.4,,,
305,247045,5/29/24,10:00 AM,m,13.6,,,
306,247046,5/30/24,6:00 AM,f,10.4,,,
307,247047,5/30/24,6:00 AM,f,11.2,,,
308,247048,5/30/24,7:00 AM,m,12.4,,,
309,2450000,5/5/24,1:00 PM,f,9.2,,,
310,2450001,5/5/24,1:00 PM,f,8.4,,,
311,2450002,5/6/24,5:00 PM,f,9.2,,,
312,2450003,5/6/24,5:00 PM,f,10.2,,,
313,2450004,5/7/24,6:00 AM,m,12.4,,,
314,2450005,5/7/24,6:30 AM,f,9.2,,,
315,2450006,5/7/24,7:00 AM,m,9.8,,,
316,2450007,5/7/24,7:00 AM,f,7.8,,,
317,2450008,5/7/24,1:00 PM,f,12.2,,,
318,2450009,5/7/24,1:15 PM,m,12.2,,,
319,2450010,5/7/24,1:00 PM,m,10.2,,,
320,2450011,5/7/24,1:00 PM,m,8.2,,,
321,2450012,5/7/24,3:00 PM,f,7.8,,,
322,2450013,5/7/24,4:00 PM,f,7.0,,,
323,2450014,5/8/24,6:00 AM,m,10.2,,,
324,2450015,5/8/24,6:00 AM,f,10.4,,,
325,2450016,5/8/24,6:00 AM,m,11.6,,,
326,2450017,5/8/24,7:00 AM,m,11.2,,,
327,2450018,5/8/24,7:00 AM,m,14.2,,,
328,2450019,5/8/24,7:30 AM,f,11.6,,,
329,2450020,5/8/24,7:30 AM,f,11.0,,,
330,2450021,5/8/24,10:00 AM,f,10.2,,,
331,2450022,5/8/24,10:10 AM,f,11.2,,,
332,2450023,5/8/24,10:00 AM,f,12.2,,,
333,2450024,5/8/24,10:30 AM,m,11.2,,,
334,2450025,5/8/24,10:30 AM,f,9.2,,,
335,2450026,5/8/24,1:00 PM,f,10.4,,,
336,2450027,5/8/24,1:30 PM,f,8.8,,,
337,2450028,5/8/24,2:00 PM,m,12.4,,,
338,2450029,5/8/24,2:00 PM,f,12.2,,,
339,2450030,5/8/24,2:00 PM,f,6.8,,,
340,2450031,5/8/24,2:10 PM,m,7.0,,,
341,2450032,5/8/24,2:30 PM,f,7.2,,,
342,2450033,5/8/24,2:30 PM,f,9.2,,,
343,2450034,5/8/24,2:40 PM,m,11.0,,,
344,2450035,5/8/24,2:30 PM,f,7.0,,,
345,2450036,5/8/24,2:40 PM,f,8.4,,,
346,2450037,5/8/24,5:00 PM,m,12.8,,,
347,2450038,5/8/24,6:00 PM,m,9.8,,,
348,2450039,5/9/24,5:00 AM,f,9.0,,,
349,2450040,5/9/24,6:30 AM,f,8.8,,,
350,2450041,5/9/24,6:30 AM,f,10.6,,,
351,2450042,5/9/24,7:00 AM,m,12.6,,,
352,2450043,5/9/24,7:30 AM,f,12.0,,,
353,2450044,5/9/24,7:30 AM,f,10.2,,,
354,2450045,5/9/24,7:50 AM,f,9.2,,,
355,2450046,5/9/24,8:00 AM,m,8.0,,,
356,2450047,5/9/24,8:30 AM,f,10.2,,,
357,2450048,5/9/24,9:00 AM,f,10.8,,,
358,2450049,5/9/24,9:30 AM,m,8.6,,,
359,2450050,5/9/24,11:00 AM,m,8.8,,,
360,2450051,5/9/24,11:20 AM,m,6.8,,,
361,2450052,5/9/24,11:40 AM,m,11.4,,,
362,2450053,5/9/24,1:00 PM,f,10.6,,,
363,2450054,5/9/24,1:00 PM,m,11.0,,,
364,2450055,5/9/24,1:00 PM,f,9.2,,,
365,2450056,5/9/24,1:00 PM,m,10.2,,,
366,2450057,5/9/24,1:00 PM,f,6.8,,,
367,2450058,5/10/24,5:00 AM,f,13.4,,,
368,2450059,5/10/24,5:00 AM,f,8.2,,,
369,2450060,5/10/24,5:10 AM,f,8.6,,,
370,2450061,5/10/24,5:30 AM,f,,,,
371,2450062,5/10/24,5:30 AM,f,10.6,,,
372,2450063,5/10/24,6:00 AM,f,9.2,,,
373,2450064,5/10/24,6:00 AM,f,9.8,,,
374,2450065,5/10/24,6:10 AM,m,7.0,,,
375,2450066,5/10/24,6:30 AM,m,8.4,,,
376,2450067,5/10/24,8:00 AM,f,12.2,,,
377,2450068,5/10/24,8:10 AM,m,8.8,,,
378,2450069,5/10/24,8:30 AM,f,10.0,,,
379,2450070,5/10/24,8:50 AM,m,8.8,,,
380,2450071,5/10/24,8:00 AM,f,9.2,,,
381,2450072,5/10/24,8:30 AM,m,12.0,,,
382,2450073,5/10/24,8:40 AM,m,9.0,,,
383,2450074,5/10/24,8:30 AM,m,7.0,,,
384,2450075,5/10/24,8:50 AM,f,10.4,,,
385,2450076,5/10/24,12:00 PM,f,12.0,,blanco,
386,2450077,5/10/24,1:00 PM,m,11.2,,,
387,2450078,5/11/24,5:00 AM,f,9.8,,,
388,2450079,5/11/24,5:10 AM,f,8.0,,,
389,2450080,5/11/24,5:15 AM,m,10.8,,,
390,2450081,5/11/24,5:20 AM,f,11.2,,,
391,2450082,5/11/24,5:20 AM,f,10.2,,,
392,2450083,5/11/24,5:20 AM,f,11.6,,,
393,2450084,5/11/24,5:20 AM,m,9.8,,,
394,2450085,5/11/24,5:35 AM,m,11.2,,blanco,
395,2450086,5/11/24,11:35 AM,f,8.6,,,
396,2450087,5/11/24,5:38 AM,m,11.3,,,
397,2450088,5/11/24,5:45 AM,m,11.4,,,
398,2450089,5/11/24,5:45 AM,f,13.0,,,
399,2450090,5/11/24,5:55 AM,m,10.6,,,
400,2450091,5/11/24,5:55 AM,f,12.8,,,
401,2450092,5/11/24,6:10 AM,m,12.2,,,
402,2450093,5/11/24,6:00 AM,f,8.8,,,
403,2450094,5/11/24,6:00 AM,f,8.0,,,
404,2450095,5/11/24,6:10 AM,m,10.2,,blanco,
405,2450096,5/11/24,6:20 AM,f,6.6,,,
406,2450097,5/11/24,6:28 AM,m,11.0,,,
407,2450098,5/11/24,6:35 AM,m,8.2,,,
408,2450099,5/11/24,6:50 AM,m,7.4,,,
409,2450100,5/11/24,6:40 AM,f,8.4,,,
410,2450101,5/11/24,6:40 AM,m,9.8,,,
411,2450102,5/11/24,6:40 AM,f,8.6,,,
412,2450103,5/11/24,6:40 AM,f,13.6,,,
413,2450104,5/11/24,6:40 AM,m,13.7,,,
414,2450105,5/11/24,6:45 AM,m,9.6,,,
415,2450106,5/11/24,6:45 AM,f,11.6,,,
416,2450107,5/11/24,6:45 AM,f,11.0,,,
417,2450108,5/11/24,6:48 AM,m,10.6,,,
418,2450109,5/11/24,6:45 AM,f,8.0,,,
419,2450110,5/11/24,6:55 AM,f,9.8,,,
420,2450111,5/11/24,6:55 AM,m,10.6,,,
421,2450112,5/11/24,6:55 AM,m,8.8,,,
422,2450113,5/11/24,6:55 AM,f,6.2,,,
423,2450114,5/11/24,6:55 AM,m,5.8,,,
424,2450136,5/11/24,7:00 AM,f,6.0,,,
425,2450115,5/11/24,6:55 AM,m,12.0,,,
426,2450116,5/11/24,6:55 AM,f,11.2,,,
427,2450117,5/12/24,6:30 AM,f,11.6,,,
428,2450118,5/12/24,6:35 AM,f,8.6,,,
429,2450119,5/12/24,6:30 AM,f,10.4,,,
430,2450120,5/12/24,6:40 AM,f,10.6,,,
431,2450121,5/12/24,6:40 AM,m,,,,
432,2450122,5/12/24,6:45 AM,m,13.2,,,
433,2450123,5/12/24,7:05 AM,m,8.2,,,
434,2450124,5/12/24,7:05 AM,m,4.8,,,
435,2450125,5/12/24,7:08 AM,f,10.8,,,
436,2450126,5/12/24,7:15 AM,m,10.6,,,
437,2450127,5/12/24,7:15 AM,f,12.4,,,
438,2450128,5/12/24,11:50 AM,f,6.8,,,
439,2450129,5/12/24,11:55 AM,m,7.8,,,
440,2450130,5/12/24,12:10 PM,f,6.2,,,
441,2450131,5/12/24,2:10 PM,f,11.2,,,
442,2450132,5/12/24,2:10 PM,f,10.6,,,
443,2450133,5/12/24,2:25 PM,m,13.2,,,
444,2450134,5/12/24,2:20 PM,m,12.4,,,
445,2450135,5/12/24,2:20 PM,m,11.2,,,
446,2450136,5/13/24,5:00 AM,m,10.0,,,
447,2450137,5/13/24,5:00 AM,m,9.2,,,
449,2450139,5/13/24,5:10 AM,f,8.6,,,
450,2450140,5/13/24,6:00 AM,m,9.2,,,
451,2450141,5/13/24,6:10 AM,m,11.2,,,
452,2450142,5/13/24,6:00 AM,f,8.4,,,
453,2450143,5/13/24,6:00 AM,m,8.2,,,
454,2450144,5/13/24,6:30 AM,m,9.4,,,
455,2450145,5/13/24,6:30 AM,m,11.4,,,
456,2450146,5/13/24,6:30 AM,f,6.4,,,
457,2450147,5/13/24,7:00 AM,m,9.2,,,
458,2450148,5/13/24,7:00 AM,m,7.4,,,
459,2450149,5/13/24,7:00 AM,m,7.4,,,
460,2450150,5/13/24,7:00 AM,m,12.6,,,
461,2450151,5/13/24,8:00 AM,f,8.4,,,
462,2450152,5/13/24,8:00 AM,m,10.2,,,
463,2450153,5/13/24,9:00 AM,m,13.0,,,
464,2450154,5/13/24,9:00 AM,f,8.8,,,
465,2450155,5/13/24,9:30 AM,m,9.4,,,
466,2450156,5/13/24,9:30 AM,f,8.2,,,
467,2450157,5/13/24,10:00 AM,f,7.2,,,
468,2450158,5/13/24,10:00 AM,f,9.4,,,
469,2450159,5/13/24,10:30 AM,m,11.2,,,
470,2450160,5/13/24,10:30 AM,f,11.4,,,
471,2450161,5/13/24,11:00 AM,m,8.8,,,
472,2450162,5/13/24,11:00 AM,f,7.8,,,
473,2450163,5/13/24,11:30 AM,f,8.0,,,
474,2450164,5/13/24,11:30 AM,m,9.4,,,
475,2450165,5/13/24,12:00 PM,f,13.0,,,
476,2450166,5/13/24,12:00 PM,m,10.8,,,
477,2450167,5/13/24,12:00 PM,m,10.4,,,
478,2450168,5/13/24,12:30 PM,f,11.2,,,
479,2450169,5/13/24,12:30 PM,f,9.8,,,
480,2450170,5/13/24,1:00 PM,f,12.0,,,
481,2450171,5/13/24,1:00 PM,m,14.6,,,
482,2450172,5/14/24,1:30 PM,f,11.6,,,
483,2450173,5/14/24,6:00 AM,f,9.0,,,
484,2450174,5/14/24,6:00 AM,m,11.4,,,
485,2450175,5/14/24,6:30 AM,m,9.0,,,
486,2450176,5/14/24,6:40 AM,f,11.4,,,
487,2450177,5/14/24,7:00 AM,m,11.6,,,
488,2450178,5/14/24,7:15 AM,f,8.6,,,
489,2450179,5/14/24,7:30 AM,f,8.6,,,
490,2450180,5/14/24,8:00 AM,m,10.2,,,
491,2450181,5/14/24,8:20 AM,m,8.0,,,
492,2450182,5/14/24,8:30 AM,m,11.4,,,
493,2450183,5/14/24,9:00 AM,f,13.2,,,
494,2450184,5/14/24,9:20 AM,f,11.0,,,
495,2450185,5/14/24,9:00 AM,m,7.4,,,
496,2450186,5/14/24,9:15 AM,m,12.6,,,
497,2450187,5/14/24,9:30 AM,f,7.8,,,
498,2450188,5/14/24,9:30 AM,f,6.6,,,
499,2450189,5/14/24,9:40 AM,m,8.6,,,
500,2450190,5/14/24,9:30 AM,m,8.8,,,
501,2450191,5/14/24,10:00 AM,m,10.8,,,
502,2450192,5/14/24,10:00 AM,f,13.8,,,
503,2450193,5/14/24,10:00 AM,m,8.2,,,
504,2450194,5/14/24,10:15 AM,f,8.4,,,
505,2450195,5/14/24,10:20 AM,m,12.0,,,
506,2450196,5/14/24,10:00 AM,m,10.2,,,
507,2450197,5/14/24,10:10 AM,m,8.2,,,
508,2450198,5/14/24,11:00 AM,f,9.8,,,
509,2450199,5/14/24,11:10 AM,f,9.4,,,
510,2450200,5/14/24,11:00 AM,m,12.0,,,
511,2450201,5/14/24,11:30 AM,f,11.2,,,
512,2450202,5/15/24,12:00 PM,m,12.0,,,
513,2450203,5/15/24,5:00 AM,m,10.6,,,
514,2450204,5/15/24,5:00 AM,f,9.0,,,
515,2450205,5/15/24,5:20 AM,m,8.6,,,
516,2450206,5/15/24,6:00 AM,f,10.0,,,
517,2450207,5/15/24,6:00 AM,m,14.2,,,
518,2450208,5/15/24,6:00 AM,f,9.2,,,
519,2450209,5/15/24,6:10 AM,m,8.8,,,
520,2450210,5/15/24,7:00 AM,m,12.2,,,
521,2450211,5/15/24,8:00 AM,f,14.6,,,
522,2450212,5/15/24,9:00 AM,f,9.0,,,
523,2450213,5/15/24,9:30 AM,f,12.2,,,
524,2450214,5/15/24,10:00 AM,m,13.4,,,
525,2450215,5/15/24,10:30 AM,f,11.8,,,
526,2450216,5/15/24,10:45 AM,f,10.0,,,
527,2450217,5/15/24,11:00 AM,m,9.0,1.0,,
528,2450218,5/15/24,11:20 AM,m,9.2,1.0,,
529,2450219,5/15/24,2:00 PM,m,10.6,,,
530,2450220,5/15/24,2:00 PM,f,7.4,,,
531,2450221,5/15/24,2:00 PM,m,9.8,,,
532,2450222,5/15/24,2:00 PM,m,12.2,,,
533,2450223,5/15/24,2:00 PM,m,13.6,,,
534,2450224,5/15/24,12:00 PM,f,8.8,,,
535,2450225,5/15/24,12:00 PM,m,13.0,,,
536,2450226,5/16/24,5:00 AM,f,9.4,,,
537,2450227,5/16/24,5:00 AM,f,8.2,,,
538,2450228,5/16/24,5:30 AM,m,10.8,,,
539,2450229,5/16/24,5:30 AM,f,11.2,,,
540,2450230,5/16/24,6:00 AM,m,5.2,,,
541,2450231,5/16/24,6:00 AM,f,5.6,,,
542,2450232,5/16/24,6:00 AM,m,5.6,,,
543,2450233,5/16/24,6:30 AM,f,11.0,,,
544,2450234,5/16/24,7:00 AM,m,12.2,,,
545,2450235,5/16/24,7:30 AM,f,9.8,,,
546,2450236,5/16/24,8:00 AM,m,12.8,,,
547,2450237,5/16/24,8:00 AM,m,10.4,,,
548,2450238,5/16/24,9:00 AM,m,13.8,,,
549,2450239,5/16/24,9:30 AM,m,10.2,,,
550,2450240,5/16/24,9:30 AM,m,6.2,,,
551,2450241,5/16/24,10:00 AM,m,11.4,,,
552,2450242,5/16/24,10:30 AM,m,13.8,,,
553,2450243,5/16/24,11:00 AM,m,9.8,,,
554,2450244,5/16/24,11:30 AM,m,9.0,,,
555,2450245,5/16/24,12:00 PM,m,12.8,,,
556,2450246,5/16/24,1:00 PM,m,9.8,,,
557,2450247,5/16/24,1:00 PM,m,8.2,,,
558,2450248,5/16/24,1:00 PM,m,8.6,,,
559,2450249,5/17/24,5:00 AM,f,10.0,,,
560,2450250,5/17/24,5:00 AM,f,8.8,,,
561,2450251,5/17/24,6:00 AM,f,11.4,,,
562,2450252,5/17/24,6:00 AM,m,12.4,,,
563,2450253,5/17/24,7:00 AM,f,15.0,,,
564,2450254,5/17/24,7:30 AM,f,8.2,,,
565,2450255,5/17/24,7:40 AM,m,7.8,,,
566,2450256,5/17/24,8:20 AM,m,9.8,,,
567,2450257,5/17/24,8:30 AM,f,8.2,,,
568,2450258,5/17/24,9:00 AM,m,7.8,,,
569,2450259,5/17/24,9:10 AM,m,7.0,,,
570,2450260,5/17/24,10:00 AM,f,13.6,,,
571,2450261,5/17/24,10:30 AM,f,11.4,,,
572,2450262,5/17/24,11:00 AM,f,6.8,,,
573,2450263,5/17/24,11:00 AM,m,10.6,,,
574,2450264,5/17/24,12:00 AM,m,9.4,,,
575,2450265,5/17/24,12:50 AM,m,11.2,,,
576,2450266,5/17/24,1:00 PM,f,11.2,,,
577,2450267,5/17/24,1:10 PM,m,12.4,,,
578,2450268,5/17/24,1:30 PM,f,10.0,,,
579,2450269,5/17/24,1:45 PM,f,11.0,,,
580,2450270,5/17/24,1:30 PM,f,8.6,,,
581,2450271,5/17/24,2:00 PM,m,10.4,,,
582,2450272,5/18/24,5:00 AM,m,12.0,,,
583,2450273,5/18/24,6:00 AM,f,10.6,,,
584,2450274,5/18/24,6:10 AM,f,10.8,,,
585,2450275,5/18/24,6:30 AM,f,9.2,,,
586,2450276,5/18/24,6:45 AM,m,10.2,,,
587,2450277,5/18/24,8:00 AM,f,10.0,,,
588,2450278,5/18/24,9:00 AM,f,10.8,,,
589,2450279,5/18/24,9:00 AM,f,10.0,,,
590,2450280,5/18/24,10:00 AM,m,12.6,,,
591,2450281,5/18/24,11:00 AM,f,15.2,,,
592,2450282,5/18/24,1:00 PM,m,12.2,,,
593,2450283,5/19/24,5:00 AM,m,14.0,,,
594,2450284,5/19/24,5:00 AM,m,12.0,,,
595,2450285,5/19/24,5:30 AM,m,8.6,,,
596,2450286,5/19/24,5:30 AM,f,7.2,,,
597,2450287,5/19/24,6:00 AM,f,11.0,,,
598,2450288,5/19/24,6:00 AM,f,12.0,,,
599,2450289,5/19/24,6:00 AM,m,12.2,,,
600,2450290,5/19/24,7:00 AM,f,10.0,,,
601,2450291,5/19/24,9:00 AM,f,12.2,,,
602,2450292,5/19/24,9:30 AM,m,10.0,,,
603,2450293,5/19/24,11:00 AM,m,11.2,,,
604,2450294,5/19/24,11:00 AM,f,11.0,,,
605,2450295,5/19/24,12:00 PM,f,12.4,,,
606,2450296,5/19/24,12:00 PM,m,108.0,,,
607,2450297,5/19/24,12:00 PM,m,9.0,,,
608,2450298,5/19/24,12:30 PM,m,11.0,,,
609,2450299,5/19/24,1:00 AM,m,14.6,,,
610,2450300,5/19/24,1:30 PM,g,13.2,,,
611,2450301,5/19/24,1:30 PM,m,13.6,,,
612,2450302,5/20/24,6:00 AM,m,13.4,,,
613,2450303,5/20/24,6:00 AM,m,8.6,,,
614,2450304,5/20/24,6:00 AM,f,11.4,,,
615,2450305,5/20/24,6:00 AM,f,10.6,,,
616,2450306,5/20/24,6:30 AM,f,9.2,,,
617,2450307,5/20/24,6:30 AM,f,10.2,,,
618,2450308,5/20/24,7:00 AM,f,8.2,,,
619,2450309,5/20/24,7:00 AM,f,11.6,,,
620,2450310,5/20/24,8:00 AM,f,9.2,,,
621,2450311,5/20/24,8:00 AM,f,10.4,,,
622,2450312,5/20/24,8:30 AM,m,9.4,,,
623,2450313,5/20/24,8:30 AM,m,12.8,,,
624,2450314,5/20/24,9:00 AM,m,10.8,,,
625,2450315,5/20/24,9:00 AM,m,11.2,,,
626,2450316,5/20/24,10:00 AM,f,9.8,,,
627,2450317,5/20/24,10:00 AM,f,12.0,,,
628,2450318,5/20/24,10:00 AM,m,8.8,,,
629,2450319,5/20/24,10:00 AM,m,10.2,,,
630,2450320,5/20/24,10:00 AM,m,13.0,,,
631,2450321,5/20/24,10:30 AM,m,11.2,,,
632,2450322,5/20/24,10:30 AM,f,8.4,,,
633,2450323,5/20/24,11:00 AM,f,12.6,,,
634,2450324,5/20/24,11:00 AM,m,14.2,,,
635,2450325,5/20/24,11:00 AM,f,11.2,,,
636,2450326,5/20/24,11:30 AM,m,12.6,,,
637,2450327,5/20/24,11:30 AM,f,12.6,,,
638,2450328,5/20/24,11:30 AM,f,10.0,,,
639,2450329,5/20/24,12:30 PM,m,9.2,,,
640,2450330,5/20/24,12:30 PM,m,8.2,,,
641,2450331,5/20/24,1:00 PM,f,12.8,,,
642,2450332,5/20/24,1:00 PM,f,11.0,,,
643,2450333,5/20/24,1:00 PM,f,10.0,,,
644,2450334,5/20/24,1:00 PM,f,11.4,,,
645,2450335,5/20/24,1:00 PM,f,10.2,,,
646,2450336,5/20/24,1:10 PM,f,8.2,,,
647,2450337,5/20/24,1:30 PM,f,10.4,,,
648,2450338,5/20/24,1:30 PM,f,12.0,,,
649,2450339,5/20/24,1:30 PM,f,10.4,,,
650,2450340,5/20/24,1:30 PM,m,12.4,,,
651,2450341,5/20/24,2:00 PM,f,10.0,,,
652,2450342,5/20/24,2:00 PM,m,9.2,,,
653,2450343,5/20/24,2:00 PM,f,12.8,,,
654,2450344,5/20/24,2:00 PM,f,15.6,,,
655,2450345,5/20/24,2:00 PM,m,10.8,,,
656,2450346,5/20/24,2:30 PM,f,13.8,,,
657,2450347,5/21/24,5:00 AM,m,10.0,,,
658,2450348,5/21/24,5:10 AM,m,10.8,,,
659,2450349,5/21/24,5:20 AM,m,8.2,,,
660,2450350,5/21/24,6:00 AM,m,11.4,,,
661,2450351,5/21/24,6:00 AM,m,11.0,,,
662,2450352,5/21/24,6:00 AM,m,10.8,,,
663,2450353,5/21/24,6:00 AM,m,14.4,,,
664,2450354,5/21/24,7:00 AM,m,11.6,,,
665,2450355,5/21/24,8:00 AM,m,10.8,,negro,
666,2450356,5/21/24,8:10 AM,m,12.2,,,
667,2450357,5/21/24,8:30 AM,m,8.8,,,
668,2450358,5/21/24,8:30 AM,m,12.0,,,
669,2450359,5/21/24,9:00 AM,f,13.2,,,
670,2450360,5/21/24,9:10 AM,m,13.8,,,
671,2450361,5/21/24,9:30 AM,m,12.8,,,
672,2450362,5/21/24,10:00 AM,m,13.0,,,
673,2450363,5/21/24,10:30 AM,f,11.6,,,
674,2450364,5/21/24,11:00 AM,m,9.2,,,
675,2450365,5/21/24,11:00 AM,f,9.4,,,
676,2450366,5/21/24,11:30 AM,m,12.6,,,
677,2450367,5/21/24,11:30 AM,m,11.2,,,
678,2450368,5/21/24,12:00 PM,f,10.0,,,
679,2450369,5/21/24,12:00 PM,m,10.0,,,
680,2450370,5/21/24,12:30 PM,m,9.8,,,
681,2450371,5/21/24,1:00 PM,m,13.4,,,
682,2450372,5/21/24,1:00 PM,f,13.6,,,
683,2450373,5/21/24,1:10 PM,m,11.0,,,
684,2450374,5/21/24,1:30 PM,m,12.4,,,
685,2450375,5/21/24,1:40 PM,m,10.2,,,
686,2450376,5/21/24,2:00 PM,f,10.8,,,
687,2450377,5/21/24,2:00 PM,f,13.0,,,
688,2450378,5/21/24,2:30 PM,m,11.2,,,
689,2450379,5/21/24,2:30 PM,m,13.6,,,
690,2450380,5/22/24,6:00 AM,m,14.4,,,
691,2450381,5/22/24,6:00 AM,m,10.8,,,
692,2450382,5/22/24,6:10 AM,f,10.4,,,
693,2450383,5/22/24,6:30 AM,m,13.2,,,
694,2450384,5/22/24,6:30 AM,f,14.2,,,
695,2450385,5/22/24,6:30 AM,f,9.2,,,
696,2450386,5/22/24,6:30 AM,f,8.0,,,
697,2450387,5/22/24,7:00 AM,f,12.8,,,
698,2450388,5/22/24,7:30 AM,f,10.6,,,
699,2450389,5/22/24,8:00 AM,f,10.2,,,
700,2450390,5/22/24,8:00 AM,f,13.8,,,
701,2450391,5/22/24,8:00 AM,m,13.2,,,
702,2450392,5/22/24,8:30 AM,f,11.4,,,
703,2450393,5/22/24,8:30 AM,m,8.6,,,
704,2450394,5/22/24,8:30 AM,f,10.8,,,
705,2450395,5/22/24,9:00 AM,m,12.6,,,
706,2450396,5/22/24,9:00 AM,m,10.8,,,
707,2450397,5/22/24,10:00 AM,f,12.2,,,
708,2450398,5/22/24,11:00 AM,m,13.2,,,
709,2450399,5/22/24,11:00 AM,f,11.6,,,
710,2450400,5/23/24,6:00 AM,f,11.2,,,
711,2450401,5/23/24,6:00 AM,m,10.8,,,
712,2450402,5/23/24,6:00 AM,m,11.6,,,
713,2450403,5/23/24,6:30 AM,m,13.2,,,
714,2450404,5/23/24,7:00 AM,m,8.8,,,
715,2450405,5/23/24,7:00 AM,f,10.4,,,
716,2450406,5/23/24,7:30 AM,f,10.0,,,
717,2450407,5/23/24,7:45 AM,f,10.2,,,
718,2450408,5/23/24,8:00 AM,m,11.0,,,
719,2450409,5/23/24,8:00 AM,f,12.2,,,
720,2450410,5/23/24,8:00 AM,m,12.8,,,
721,2450411,5/23/24,8:30 AM,m,14.4,,,
722,2450412,5/23/24,9:00 AM,f,10.4,,,
723,2450413,5/23/24,9:00 AM,f,10.2,,,
724,2450414,5/23/24,9:30 AM,m,13.3,,,
725,2450415,5/23/24,9:40 AM,f,10.6,,,
726,2450416,5/23/24,10:00 AM,f,12.4,,,
727,2450417,5/23/24,10:10 AM,m,15.0,,,
728,2450418,5/23/24,10:00 AM,m,8.4,,,
729,2450419,5/23/24,10:10 AM,m,8.0,,,
730,2450420,5/23/24,10:20 AM,f,7.0,,,
731,2450421,5/23/24,10:10 AM,m,15.2,,,
732,2450422,5/23/24,10:15 AM,m,10.0,,,
733,2450423,5/23/24,10:20 AM,m,10.6,,,
734,2450424,5/23/24,10:30 AM,m,10.8,,,
735,2450425,5/23/24,10:30 AM,m,13.8,,,
736,2450426,5/23/24,10:45 AM,f,13.2,,,
737,2450427,5/23/24,11:00 AM,f,12.2,,,
738,2450428,5/23/24,11:00 AM,f,11.4,,,
739,2450429,5/23/24,11:30 AM,f,13.4,,,
740,2450430,5/23/24,11:30 AM,f,10.0,,,
741,2450431,5/23/24,11:30 AM,f,13.4,,,
742,2450432,5/23/24,12:00 PM,f,10.4,,,
743,2450433,5/23/24,12:00 PM,f,9.0,,,
744,2450434,5/23/24,1:00 PM,f,9.8,,,
745,2450435,5/23/24,1:00 PM,m,10.2,,,
746,2450436,5/23/24,1:00 PM,f,9.2,,,
747,2450437,5/23/24,1:30 PM,f,12.2,,,
748,2450438,5/23/24,1:30 PM,f,13.4,,,
749,2450439,5/23/24,2:00 PM,f,6.8,,,
750,2450440,5/23/24,2:00 PM,m,86.0,,,
751,2450441,5/24/24,6:00 AM,f,10.2,,,
752,2450442,5/24/24,6:30 AM,f,12.0,,,
753,2450443,5/24/24,7:00 AM,f,10.4,,,
754,2450444,5/24/24,7:00 AM,m,10.6,,,
755,2450445,5/24/24,7:30 AM,f,10.8,,,
756,2450446,5/24/24,7:30 AM,m,10.8,,,
757,2450447,5/24/24,8:00 AM,m,13.2,,,
758,2450448,5/24/24,8:00 AM,f,10.2,,,
759,2450449,5/24/24,8:00 AM,m,12.6,,,
760,2450450,5/24/24,8:10 AM,f,4.8,,cordero muy pequeno,
761,2450451,5/24/24,8:30 AM,f,13.2,,,
762,2450452,5/24/24,8:40 AM,f,12.6,,,
763,2450453,5/24/24,9:00 AM,f,15.0,,,
764,2450454,5/24/24,9:00 AM,f,10.6,,,
765,2450455,5/24/24,9:10 AM,f,10.6,,,
766,2450456,5/24/24,9:30 AM,f,12.2,,,
767,2450457,5/24/24,9:40 AM,m,11.2,,,
768,2450458,5/24/24,10:00 AM,f,14.8,,,
769,2450459,5/24/24,10:00 AM,f,9.0,,,
770,2450460,5/24/24,10:00 AM,m,8.2,,,
771,2450461,5/24/24,10:00 AM,m,9.2,,,
772,2450462,5/24/24,10:10 AM,m,9.4,,,
773,2450463,5/24/24,10:30 AM,f,14.4,,,
774,2450464,5/24/24,10:30 AM,f,9.8,,,
775,2450465,5/24/24,10:45 AM,m,12.2,,,
776,2450466,5/24/24,11:00 AM,f,11.6,,,
777,2450467,5/24/24,11:00 AM,f,11.4,,,
778,2450468,5/24/24,11:30 AM,m,11.4,,,
779,2450469,5/24/24,11:30 AM,f,10.4,,,
780,2450470,5/24/24,11:45 AM,f,13.4,,,
781,2450471,5/24/24,12:00 PM,f,11.4,,,
782,2450472,5/24/24,12:00 PM,f,11.0,,,
783,2450473,5/24/24,12:00 PM,m,8.4,,,
784,2450474,5/24/24,12:30 PM,m,11.6,,,
785,2450475,5/24/24,1:00 PM,f,10.6,,,
786,2450476,5/24/24,1:00 PM,m,14.2,,,
787,2450477,5/24/24,1:30 PM,f,12.2,,,
788,2450478,5/25/24,5:00 AM,m,14.6,,,
789,2450479,5/25/24,6:00 AM,f,11.4,,,
790,2450480,5/25/24,6:00 AM,m,9.8,,,
791,2450481,5/25/24,6:15 AM,m,9.2,,,
792,2450482,5/25/24,6:30 AM,f,13.4,,,
793,2450483,5/25/24,7:00 AM,f,13.8,,,
794,2450484,5/25/24,7:00 AM,f,12.4,,,
795,2450485,5/25/24,7:30 AM,f,11.6,,,
796,2450486,5/25/24,7:30 AM,m,10.6,,,
797,2450487,5/25/24,8:00 AM,m,15.6,,,
798,2450488,5/25/24,8:00 AM,f,7.0,,,
799,2450489,5/25/24,8:00 AM,f,7.0,,,
800,2450490,5/25/24,8:15 AM,m,11.2,,,
801,2450491,5/25/24,8:15 AM,m,12.6,,,
802,2450492,5/25/24,8:15 AM,f,9.0,,,
803,2450493,5/25/24,8:30 AM,m,12.0,,,
804,2450494,5/25/24,8:30 AM,m,14.2,,,
805,2450495,5/25/24,9:00 AM,m,10.6,,,
806,2450496,5/25/24,9:00 AM,f,9.8,,,
807,2450497,5/25/24,9:00 AM,f,7.2,,,
808,2450498,5/25/24,9:10 AM,f,8.8,,,
809,2450499,5/25/24,9:30 AM,f,10.8,,,
810,2450500,5/25/24,9:30 AM,m,10.8,,,
811,2450501,5/25/24,9:40 AM,f,9.8,,,
812,2450502,5/25/24,10:00 AM,m,12.0,,,
813,2450503,5/25/24,10:00 AM,f,10.2,,,
814,2450504,5/25/24,10:00 AM,m,9.2,,,
815,2450505,5/25/24,10:15 AM,f,11.4,,,
816,2450506,5/25/24,10:20 AM,f,12.2,,,
817,2450507,5/25/24,10:30 AM,m,13.0,,,
818,2450508,5/25/24,10:30 AM,m,9.8,,,
819,2450509,5/25/24,10:30 AM,f,11.2,,,
820,2450510,5/25/24,10:50 AM,m,12.4,,,
821,2450511,5/25/24,10:50 AM,m,12.2,,,
822,2450512,5/26/24,6:00 AM,f,13.0,,,
823,2450513,5/26/24,6:00 AM,f,10.2,,,
824,2450514,5/26/24,6:00 AM,m,11.4,,,
825,2450515,5/26/24,6:30 AM,m,12.2,,,
826,2450516,5/26/24,6:30 AM,m,12.2,,,
827,2450517,5/26/24,7:00 AM,f,9.0,,,
828,2450518,5/26/24,8:00 AM,f,11.6,,,
829,2450519,5/26/24,8:00 AM,m,1.2,,,
830,2450520,5/26/24,8:30 AM,m,13.2,,,
831,2450521,5/26/24,9:00 AM,f,11,,,
832,2450522,5/26/24,9:00 AM,m,14.2,,,
833,2450523,5/26/24,9:00 AM,m,14.8,,,
834,2450524,5/26/24,10:00 AM,f,14.2,,,
835,2450525,5/26/24,10:00 AM,f,13.2,,,
836,2450526,5/26/24,10:30 AM,m,10.4,,,
837,2450527,5/26/24,10:30 AM,f,8.8,,,
838,2450528,5/26/24,10:30 AM,f,8.6,,,
839,2450529,5/26/24,10:30 AM,f,12.6,,,
840,2450530,5/26/24,11:00 AM,f,10.8,,,
841,2450531,5/27/24,6:00 AM,f,11.0,,,
842,2450532,5/27/24,6:00 AM,f,11.2,,,
843,2450533,5/27/24,6:30 AM,m,14.8,,,
844,2450534,5/27/24,7:00 AM,m,10.0,,,
845,2450535,5/27/24,7:20 AM,m,11.2,,,
846,2450536,5/27/24,7:30 AM,f,11.2,,,
847,2450537,5/27/24,8:00 AM,f,11.2,,,
848,2450538,5/27/24,8:10 AM,m,12.0,,,
849,2450539,5/27/24,9:00 AM,m,11.6,,,
850,2450540,5/27/24,9:00 AM,m,15.2,,,
851,2450541,5/27/24,9:00 AM,m,11.6,,,
852,2450542,5/27/24,9:30 AM,m,14.6,,,
853,2450543,5/27/24,9:30 AM,f,8.8,,,
854,2450544,5/27/24,9:40 AM,f,13.8,,,
855,2450545,5/27/24,9:30 AM,f,11.2,,,
856,2450546,5/27/24,10:00 AM,m,12.4,,,
857,2450547,5/27/24,10:00 AM,m,12.8,,,
858,2450548,5/27/24,10:30 AM,m,14.4,,,
859,2450549,5/28/24,5:00 AM,m,11.0,,,
860,2450550,5/28/24,5:00 AM,f,8.0,,,
861,2450551,5/28/24,6:00 AM,f,10.4,,,
862,2450552,5/28/24,6:00 AM,f,9.0,,,
863,2450553,5/28/24,7:00 AM,f,15.0,,,
864,2450554,5/28/24,7:00 AM,f,13.6,,,
865,2450555,5/28/24,8:00 AM,m,13.8,,,
866,2450556,5/28/24,8:00 AM,m,13.0,,,
867,2450557,5/28/24,8:30 AM,f,12.6,,,
868,2450558,5/28/24,8:45 AM,f,10.0,,,
869,2450559,5/28/24,9:00 AM,m,10.8,,,
870,2450560,5/28/24,9:00 AM,m,11.2,,,
871,2450561,5/29/24,6:00 AM,m,14.2,,,
872,2450562,5/29/24,7:00 AM,f,13.0,,,
873,2450563,5/29/24,9:00 AM,f,10.2,,,
874,2450564,5/29/24,9:00 AM,f,11.6,,,
875,2450565,5/29/24,10:00 AM,m,10.2,,,
876,2450566,5/29/24,10:00 AM,f,9.0,,,
877,2450567,5/29/24,11:00 AM,f,13.6,,,
878,2450568,5/30/24,6:00 AM,f,15.2,,,
879,2450569,5/30/24,7:00 AM,f,10.4,,,
880,2450570,5/30/24,7:00 AM,f,10.0,,,
881,2450571,5/30/24,9:00 AM,f,11.6,,,
882,2450572,5/30/24,10:00 AM,f,12.8,,,
883,2450573,5/30/24,10:00 AM,f,10.8,,,
884,2450574,5/31/24,7:00 AM,f,12.2,,,
885,2450575,5/31/24,8:00 AM,f,11.2,,,
886,2450576,5/31/24,8:00 AM,m,11.2,,,
887,2450577,5/31/24,9:00 AM,m,13.4,,,
888,2450578,5/31/24,9:00 AM,m,12.4,,,
889,2450579,5/31/24,10:00 AM,f,10.6,,,
890,2450580,5/31/24,11:00 AM,f,9.8,,,
891,2450581,5/31/24,11:00 AM,m,10.6,,,
892,2450582,5/31/24,11:00 AM,f,10.0,,,
893,2450583,6/1/24,6:00 AM,m,14.4,,,
894,2450584,6/1/24,7:00 AM,f,16.0,,,
895,2450585,6/1/24,9:00 AM,f,12.6,,,
896,2450586,6/1/24,9:00 AM,m,13.2,,,
897,2450587,6/1/24,10:00 AM,m,12.4,,,
898,2450588,6/1/24,11:00 AM,f,10.0,,,
899,2450589,6/1/24,11:30 AM,f,11.2,,,
900,2410058,5/4/24,10:00 AM,f,10.4,,,
901,2410059,5/4/24,10:00 AM,m,11.0,,,
902,2410060,5/4/24,10:00 AM,f,9.0,,,
903,2410061,5/4/24,10:00 AM,f,9.2,,,
904,2410062,5/4/24,12:00 PM,m,10.0,,,
905,2410063,5/4/24,12:00 PM,m,10.8,,,
906,2410064,5/4/24,12:00 PM,f,8.6,,,
907,2410065,5/4/24,3:00 PM,m,12.8,,,
908,2410066,5/4/24,3:00 PM,m,13.2,,,
909,2410067,5/4/24,3:00 PM,f,9.2,,,
910,2410068,5/4/24,4:00 PM,f,8.8,,,
911,2410069,5/4/24,4:00 PM,f,11.6,,,
912,2410070,5/4/24,4:30 PM,f,10.4,,,
913,2410071,5/4/24,4:30 PM,m,11.0,,,
914,2410072,5/4/24,4:30 PM,f,7.2,,,
915,2410073,5/4/24,4:30 PM,f,7.2,,,
916,2410074,5/4/24,6:00 PM,m,11.2,,,
917,2410075,5/5/24,4:00 AM,f,11.0,,,
918,2410076,5/5/24,4:00 AM,m,9.4,,,
919,2410077,5/5/24,,m,12.6,,,
920,2410078,5/5/24,4:00 AM,m,9.4,,,
921,2410079,5/5/24,4:00 AM,f,8.8,,,
922,2410080,5/5/24,4:00 AM,m,13.2,,,
923,2410081,5/5/24,4:00 AM,f,13.4,,,
924,2410082,5/5/24,4:00 AM,f,12.6,,,
925,2410083,5/5/24,5:00 AM,f,12.2,,,
926,2410084,5/5/24,7:00 AM,m,13.6,,,
927,2410085,5/5/24,7:00 AM,m,10.2,,,
928,2410086,5/5/24,7:00 AM,m,10.8,,,
929,2410087,5/5/24,7:00 AM,m,9.0,,,
930,2410088,5/5/24,7:00 AM,f,8.2,,,
931,2410089,5/5/24,7:00 AM,m,15.0,,,
932,2410090,5/5/24,7:00 AM,m,12.2,,,
933,2410091,5/5/24,7:00 AM,m,11.0,,,
934,2410092,5/5/24,7:00 AM,f,10.6,,,
935,2410093,5/5/24,7:00 AM,f,9.8,,,
936,2410094,5/5/24,8:00 AM,m,11.6,,,
937,2410095,5/5/24,8:00 AM,m,12.6,,,
938,2410096,5/5/24,8:20 AM,m,13.0,,,
939,2410097,5/5/24,9:30 AM,f,12.4,,,
940,2410098,5/5/24,9:30 AM,f,13.2,,,
941,2410099,5/5/24,9:30 AM,f,11.0,,,
942,2410100,5/5/24,9:30 AM,f,10.2,,,
943,2410101,5/5/24,11:00 AM,f,8.6,,,
944,2410102,5/5/24,11:00 AM,m,12.6,,,
945,2410103,5/5/24,11:00 AM,f,8.4,,,
946,2410104,5/5/24,11:00 AM,f,9.0,,,
947,2410105,5/5/24,1:00 PM,f,10.0,,,
948,2410106,5/5/24,1:00 PM,m,9.4,,,
949,2410107,5/5/24,1:30 PM,m,8.2,,,
950,2410108,5/5/24,1:00 PM,f,10.6,,,
951,2410109,5/5/24,1:00 PM,m,6.4,,,
952,2410110,5/5/24,4:30 PM,f,12.4,,,
953,2410111,5/5/24,4:30 PM,m,9.4,,,
954,2410112,5/5/24,4:30 PM,m,8.0,,,
955,2410113,5/5/24,4:30 PM,m,12.8,,,
956,2410114,5/5/24,4:30 PM,m,10.0,,,
957,2410115,5/5/24,5:30 PM,m,12.2,,,
958,2410116,5/6/24,5:00 AM,f,10.2,,,
959,2410117,5/6/24,6:00 AM,m,13.4,,,
960,2410118,5/6/24,6:00 AM,f,12.6,,,
961,2410119,5/6/24,6:00 AM,m,12.2,,,
962,2410120,5/6/24,6:10 AM,m,9.0,,,
963,2410121,5/6/24,6:20 AM,f,7.8,,,
964,2410122,5/6/24,6:30 AM,m,9.8,,,
965,2410123,5/6/24,6:30 AM,f,10.2,,,
966,2410124,5/6/24,6:40 AM,m,10.4,,,
967,2410125,5/6/24,6:30 AM,f,13.2,,,
968,2410126,5/6/24,7:00 AM,f,11.2,,,
969,2410127,5/6/24,7:00 AM,m,14.4,,,
970,2410128,5/6/24,7:10 AM,f,10.6,,,
971,2410129,5/6/24,8:00 AM,m,10.2,,,
972,2410133,5/6/24,10:00 AM,m,10.4,,,
973,2410130,5/6/24,8:00 AM,f,9.2,,,
974,2410131,5/6/24,8:10 AM,f,11.2,,,
975,2410132,5/6/24,8:00 AM,f,7.8,,,
976,2410134,5/6/24,10:00 AM,f,11.0,,,
977,2410135,5/6/24,10:00 AM,m,10.4,,,
978,2410136,5/6/24,10:00 AM,m,10.4,,,
979,2410137,5/6/24,10:00 AM,m,11.2,,,
980,2410138,5/6/24,12:00 PM,f,8.8,,,
981,2410139,5/6/24,12:20 PM,f,8.4,,,
982,2410140,5/6/24,12:30 PM,f,12.0,,,
983,2410141,5/6/24,12:30 PM,m,11.2,,,
984,2410142,5/6/24,12:40 PM,m,9.4,,,
985,2410143,5/6/24,1:00 PM,m,10.6,,,
986,2410144,5/6/24,1:00 PM,m,11.4,,,
987,2410145,5/6/24,1:00 PM,m,8.2,,,
988,2410146,5/6/24,1:10 PM,f,9.4,,,
989,2410147,5/6/24,1:00 PM,m,10.2,,,
990,2410148,5/6/24,1:20 PM,f,8.4,,,
991,2410149,5/6/24,1:30 PM,m,10.2,,,
992,2410150,5/6/24,1:30 PM,m,9.8,,,
993,2410152,5/6/24,3:00 PM,f,10.2,,,
994,2410151,5/6/24,1:30 PM,m,13.8,,,
995,2410153,5/6/24,3:45 PM,m,10.6,,,
996,2410154,5/6/24,3:50 PM,m,10.8,,,
997,2410155,5/6/24,,m,12.4,,,
998,2410156,5/6/24,3:30 PM,f,11.0,,,
999,2410157,5/6/24,4:00 PM,f,9.2,,,
1000,2410158,5/6/24,4:00 PM,m,11.2,,,
1001,2410159,5/6/24,4:00 PM,m,11.4,,,
1002,2410160,5/6/24,5:30 PM,f,10.8,,,
1003,2410161,5/6/24,5:30 PM,m,11.2,,,
1004,2410162,5/7/24,6:00 AM,f,9.2,,,
1005,2410163,5/7/24,6:00 AM,m,9.4,,,
1006,2410164,5/7/24,6:00 AM,m,10.0,,,
1007,2410165,5/7/24,6:00 AM,f,9.4,,,
1008,2410166,5/7/24,6:30 AM,f,10.8,,,
1009,2410167,5/7/24,6:35 AM,m,12.8,,,
1010,2410168,5/7/24,6:30 AM,m,12.4,,,
1011,2410169,5/7/24,6:40 AM,m,12.8,,,
1012,2410170,5/7/24,6:45 AM,f,11.2,,,
1013,2410171,5/7/24,6:40 AM,m,11.0,,,
1014,2410172,5/7/24,6:50 AM,f,11.2,,,
1015,2410173,5/7/24,6:50 AM,m,6.8,,,
1016,2410174,5/7/24,6:55 AM,f,9.8,,,
1017,2410175,5/7/24,5:00 AM,m,13.0,,,
1018,2410176,5/7/24,6:00 AM,m,8.2,,,
1019,2410177,5/7/24,8:00 AM,m,10.2,,,
1020,2410178,5/7/24,8:30 AM,m,10.8,,,
1021,2410179,5/7/24,8:35 AM,f,9.2,,,
1022,2410180,5/7/24,1:00 PM,m,10.6,,,
1023,2410181,5/7/24,1:00 PM,f,11.6,,,
1024,2410182,5/7/24,1:00 PM,m,12.8,,,
1025,2410183,5/7/24,1:00 PM,m,10.0,,,
1026,2410184,5/7/24,1:30 PM,f,10.4,,,
1027,2410185,5/7/24,1:30 PM,m,10.8,,,
1028,2410186,5/7/24,1:30 PM,m,10.6,,,
1029,2410187,5/7/24,1:30 PM,m,11.4,,,
1030,2410188,5/7/24,3:00 PM,m,14.2,,,
1031,2410189,5/7/24,3:00 PM,m,11.2,,,
1032,2410190,5/7/24,3:10 PM,f,8.6,,una oreja no mas tiene,
1033,2410191,5/7/24,3:10 PM,m,10.2,,,
1034,2410192,5/7/24,3:10 PM,m,10.6,,,
1035,2410193,5/7/24,3:20 PM,m,12.2,,,
1036,2410194,5/7/24,4:30 PM,f,6.0,,,
1037,2410195,5/7/24,4:30 PM,m,8.4,,,
1038,2410196,5/7/24,4:30 PM,m,13.0,,,
1039,2410197,5/7/24,4:30 PM,m,9.4,,,
1040,2410198,5/7/24,4:35 PM,f,8.8,,,
1041,2410199,5/7/24,5:00 PM,f,12.4,,,
1042,2410200,5/7/24,5:00 PM,f,10.4,,,
1043,2410201,5/8/24,6:00 AM,f,11.6,,,
1044,2410202,5/8/24,6:00 AM,f,12.0,,,
1045,2410203,5/8/24,6:00 AM,m,10.0,,,
1046,2410204,5/8/24,6:00 AM,f,9.4,,,
1047,2410205,5/8/24,6:00 AM,f,9.8,,,
1048,2410206,5/8/24,6:00 AM,f,9.8,,,
1049,2410207,5/8/24,6:00 AM,f,9.8,,,
1050,2410208,5/8/24,6:00 AM,f,10.6,,,
1051,2410209,5/8/24,6:30 AM,f,13.2,,,
1052,2410210,5/8/24,6:30 AM,f,10.0,,,
1053,2410211,5/8/24,6:30 AM,f,11.2,,,
1054,2410212,5/8/24,6:30 AM,m,9.2,,,
1055,2410213,5/8/24,6:30 AM,m,9.7,,,
1056,2410214,5/8/24,6:30 AM,m,8.6,,,
1057,2410215,5/8/24,6:30 AM,m,7.4,,,
1058,2410216,5/8/24,6:30 AM,m,9.0,,,
1059,2410217,5/8/24,7:00 AM,f,15.0,,,
1060,2410218,5/8/24,7:00 AM,m,8.2,,,
1061,2410219,5/8/24,7:00 AM,m,8.2,,,
1062,2410220,5/8/24,7:00 AM,m,14.2,,,
1063,2410221,5/8/24,7:30 AM,m,7.8,,,
1064,2410222,5/8/24,7:30 AM,m,6.8,,,
1065,2410223,5/8/24,10:00 AM,m,13.6,,,
1066,2410224,5/8/24,10:00 AM,f,9.8,,,
1067,2410225,5/8/24,10:00 AM,f,7.2,,,
1068,2410226,5/8/24,10:30 AM,m,11.0,,,
1069,2410227,5/8/24,1:00 PM,m,10.8,,,
1070,2410228,5/8/24,1:00 PM,f,12.2,,,
1071,2410229,5/8/24,1:30 PM,m,10.4,,,
1072,2410230,5/8/24,1:30 PM,f,9.8,,,
1073,2410231,5/8/24,1:30 PM,f,11.4,,,
1074,2410232,5/8/24,1:30 PM,f,11.6,,,
1075,2410233,5/8/24,2:30 PM,f,8.0,,,
1076,2410234,5/8/24,2:30 PM,m,8.6,,,
1077,2410235,5/8/24,2:30 PM,f,7.4,,,
1078,2410236,5/8/24,5:00 PM,f,11.6,,,
1079,2410237,5/8/24,5:30 PM,f,10.8,,,
1080,2410238,5/8/24,5:45 PM,f,12.4,,,
1081,2410239,5/8/24,5:50 PM,f,9.4,,,
1082,2410240,5/8/24,6:00 PM,m,9.0,,,
1083,2410241,5/9/24,6:00 AM,f,11.2,,,
1084,2410242,5/9/24,6:00 AM,m,10.6,,,
1085,2410243,5/9/24,6:10 AM,m,11.0,,,
1086,2410244,5/9/24,6:00 AM,m,10.4,,,
1087,2410245,5/9/24,6:30 AM,m,9.8,,,
1088,2410246,5/9/24,6:00 AM,f,11.2,,,
1089,2410247,5/9/24,6:30 AM,f,8.0,,,
1090,2410248,5/9/24,6:40 AM,f,10.6,,,
1091,2410249,5/9/24,6:50 AM,m,11.4,,,
1092,2410250,5/9/24,7:00 AM,f,12.2,,,
1093,2410251,5/9/24,7:00 AM,m,15.0,,,
1094,2410252,5/9/24,7:00 AM,m,10.8,,,
1095,2410253,5/9/24,7:00 AM,m,10.0,,,
1096,2410254,5/9/24,7:30 AM,f,10.4,,,
1097,2410255,5/9/24,8:00 AM,f,8.8,,,
1098,2410256,5/9/24,8:30 AM,m,9.0,,,
1099,2410257,5/9/24,8:00 AM,f,12.0,,,
1100,2410258,5/9/24,8:30 AM,f,8.8,,,
1101,2410259,5/9/24,8:50 AM,f,10.4,,,
1102,2410260,5/9/24,8:30 AM,f,10.4,,,
1103,2410261,5/9/24,8:30 AM,m,13.0,,,
1104,2410262,5/9/24,9:00 AM,f,11.4,,,
1105,2410263,5/9/24,9:10 AM,m,13.4,,,
1106,2410264,5/9/24,9:00 AM,m,11.0,,,
1107,2410265,5/9/24,9:30 AM,f,8.8,,,
1108,2410266,5/9/24,11:00 AM,f,11.0,,,
1109,2410267,5/9/24,11:00 AM,f,13.0,,,
1110,2410268,5/9/24,11:30 AM,f,10.2,,,
1111,2410269,5/9/24,11:30 AM,m,9.0,,,
1112,2410270,5/9/24,11:35 AM,m,8.2,,,
1113,2410271,5/9/24,11:50 AM,m,10.0,,,
1114,2410272,5/9/24,11:30 AM,m,9.2,,,
1115,2410273,5/9/24,11:45 AM,m,7.0,,,
1116,2410274,5/9/24,12:00 PM,f,13.8,,,
1117,2410275,5/9/24,12:00 PM,f,9.8,,,
1118,2410276,5/9/24,12:15 PM,m,12.6,,,
1119,2410277,5/9/24,1:30 PM,f,8.4,,,
1120,2410278,5/9/24,1:35 PM,m,9.4,,,
1121,2410279,5/9/24,1:30 PM,m,14.4,,,
1122,2410280,5/9/24,1:20 PM,m,12.0,,,
1123,2410281,5/9/24,1:30 PM,m,13.8,,,
1124,2410282,5/9/24,1:45 PM,m,14.6,,,
1125,2410283,5/9/24,2:00 PM,m,12.6,,,
1126,2410284,5/9/24,3:00 PM,f,10.2,,,
1127,2410285,5/9/24,3:10 PM,f,8.0,,,
1128,2410286,5/9/24,3:30 PM,f,8.2,,,
1129,2410287,5/9/24,3:50 PM,f,10.2,,,
1130,2410288,5/9/24,3:30 PM,f,9.0,,,
1131,2410289,5/9/24,3:40 PM,f,8.0,,,
1132,2410290,5/9/24,3:50 PM,m,11.2,,,
1133,2410291,5/10/24,5:00 AM,f,14.8,,,
1134,2410292,5/10/24,5:00 AM,m,16.0,,,
1135,2410293,5/10/24,5:30 AM,m,11.6,,,
1136,2410294,5/10/24,5:45 AM,f,10.0,,,
1137,2410295,5/10/24,6:00 AM,m,12.2,,,
1138,2410296,5/10/24,6:00 AM,m,12.0,,,
1139,2410297,5/10/24,6:10 AM,f,6.4,,,
1140,2410298,5/10/24,6:00 AM,m,11.0,,,
1141,2410299,5/10/24,6:10 AM,f,8.6,,,
1142,2410300,5/10/24,6:30 AM,f,9.8,,,
1143,2410301,5/10/24,7:00 AM,f,9.8,,,
1144,2410302,5/10/24,7:10 AM,f,10.2,,,
1145,2410303,5/10/24,7:30 AM,m,10.2,,,
1146,2410304,5/10/24,7:30 AM,f,9.8,,,
1147,2410305,5/10/24,7:45 AM,m,10.0,,,
1148,2410306,5/10/24,8:00 AM,f,9.4,,,
1149,2410307,5/10/24,8:10 AM,m,12.6,,,
1150,2410308,5/10/24,8:00 AM,f,9.8,,,
1151,2410309,5/10/24,8:40 AM,m,12.0,,,
1152,2410310,5/10/24,8:00 AM,f,9.2,,,
1153,2410311,5/10/24,8:10 AM,f,11.2,,,
1154,2410312,5/10/24,8:30 AM,m,11.2,,,
1155,2410313,5/10/24,8:30 AM,f,8.2,,,
1156,2410314,5/10/24,8:50 AM,f,8.2,,,
1157,2410315,5/10/24,8:50 AM,m,11.2,,,
1158,2410316,5/10/24,9:00 AM,f,9.0,,,
1159,2410317,5/10/24,1:00 PM,f,12.6,,,
1160,2410318,5/10/24,1:20 PM,f,10.6,,,
1161,2410319,5/10/24,1:30 PM,m,9.2,,,
1162,2410320,5/10/24,1:50 PM,m,10.8,,,
1163,2410321,5/10/24,1:30 PM,m,9.4,,,
1164,2410322,5/10/24,1:45 PM,f,10.4,,,
1165,2410323,5/10/24,1:50 PM,m,13.6,,,
1166,2410324,5/10/24,1:00 PM,f,10.2,,,
1167,2410325,5/10/24,1:30 PM,m,11.6,,,
1168,2410326,5/10/24,3:00 PM,m,12.2,,,
1169,2410327,5/10/24,3:30 PM,f,10.0,,,
1170,2410328,5/10/24,3:30 PM,m,10.8,,,
1171,2410329,5/10/24,3:40 PM,f,10.2,,,
1172,2410330,5/10/24,3:30 PM,m,10.6,,,
1173,2410331,5/10/24,3:40 PM,m,11.0,,,
1174,2410332,5/11/24,5:00 AM,f,9.8,,,
1175,2410333,5/11/24,5:10 AM,f,10.2,,,
1176,2410334,5/11/24,5:00 AM,f,10.2,,,
1177,2410335,5/11/24,5:22 AM,m,12.0,,,
1178,2410336,5/11/24,5:25 AM,m,10.6,,,
1179,2410337,5/11/24,5:35 AM,f,10.6,,,
1180,2410338,5/11/24,5:30 AM,f,8.0,,,
1181,2410339,5/11/24,5:30 AM,f,10.8,,,
1182,2410340,5/11/24,5:30 AM,f,11.2,,,
1183,2410341,5/11/24,5:45 AM,f,12.2,,,
1184,2410342,5/11/24,5:45 AM,f,9.8,,,
1185,2410343,5/11/24,5:50 AM,f,10.0,,,
1186,2410344,5/11/24,5:54 AM,m,8.0,,,
1187,2410345,5/11/24,6:00 AM,m,9.0,,,
1188,2410346,5/11/24,6:00 AM,f,10.2,,,
1189,2410347,5/11/24,6:15 AM,m,10.6,,,
1190,2410348,5/11/24,6:15 AM,f,9.4,,,
1191,2410349,5/11/24,6:30 AM,m,10.2,,,
1192,2410350,5/11/24,6:35 AM,m,13.8,,,
1193,2410351,5/11/24,6:30 AM,m,11.2,,,
1194,2410352,5/11/24,6:30 AM,m,12.0,,,
1195,2410353,5/11/24,6:45 AM,m,10.8,,,
1196,2410354,5/11/24,6:45 AM,m,13.4,,,
1197,2410355,5/11/24,6:45 AM,m,14.2,,,
1198,2410356,5/11/24,6:50 AM,m,13.6,,,
1199,2410357,5/11/24,6:52 AM,f,8.0,,,
1200,2410358,5/11/24,7:05 AM,m,14.6,,,
1201,2410359,5/11/24,7:10 AM,f,13.2,,,
1202,2410360,5/11/24,7:10 AM,f,13.3,,,
1203,2410361,5/11/24,7:13 AM,f,13.8,,,
1204,2410362,5/11/24,7:20 AM,m,10.6,,,
1205,2410363,5/11/24,7:20 AM,m,11.0,,,
1206,2410364,5/11/24,7:35 AM,m,12.8,,,
1207,2410365,5/11/24,7:35 AM,f,10.4,,,
1208,2410366,5/11/24,7:38 AM,f,13.6,,,
1209,2410367,5/11/24,7:35 AM,f,11.6,,,
1210,2410368,5/11/24,7:35 AM,m,9.0,,,
1211,2410369,5/11/24,7:35 AM,m,10.2,,,
1212,2410370,5/11/24,7:35 AM,f,13.2,,,
1213,2410371,5/11/24,7:45 AM,f,10.8,,,
1214,2410372,5/11/24,7:50 AM,f,9.8,,,
1215,2410373,5/11/24,8:05 AM,m,9.0,,,
1216,2410374,5/11/24,8:00 AM,m,11.6,,,
1217,2410375,5/11/24,8:00 AM,m,13.1,,,
1218,2410376,5/11/24,8:00 AM,f,11.6,,,
1219,2410377,5/11/24,12:00 PM,m,9.2,,,
1220,2410378,5/11/24,12:00 PM,m,9.0,,,
1221,2410379,5/11/24,12:00 PM,m,5.0,,,
1222,2410380,5/11/24,12:00 PM,f,6.0,,,
1223,2410381,5/12/24,5:50 AM,m,10.8,,,
1224,2410382,5/12/24,5:50 AM,f,9.2,,,
1225,2410383,5/12/24,5:50 AM,m,12.8,,,
1226,2410384,5/12/24,6:20 AM,f,9.8,,,
1227,2410385,5/12/24,6:20 AM,m,11.2,,,
1228,2410386,5/12/24,6:30 AM,m,10.0,,,
1229,2410387,5/12/24,6:45 AM,f,11.2,,,
1230,2410388,5/12/24,6:45 AM,m,10.8,,,
1231,2410389,5/12/24,6:58 AM,m,12.4,,,
1232,2410390,5/12/24,6:50 AM,f,9.0,,,
1233,2410391,5/12/24,6:50 AM,m,12.0,,,
1234,2410392,5/12/24,6:55 AM,m,12.2,,,
1235,2410393,5/12/24,7:05 AM,m,8.4,,,
1236,2410394,5/12/24,7:08 AM,m,8.6,,,
1237,2410395,5/12/24,7:15 AM,f,8.6,,,
1238,2410396,5/12/24,7:25 AM,m,9.0,,,
1239,2410397,5/12/24,7:20 AM,f,13.4,,,
1240,2410398,5/12/24,11:10 AM,f,10.2,,,
1241,2410399,5/12/24,11:10 AM,m,12.2,,,
1242,2410400,5/12/24,10:15 AM,m,12.4,,,
1243,2410401,5/12/24,11:00 AM,f,11.2,,,
1244,2410402,5/12/24,11:00 AM,f,8.4,,,
1245,2410403,5/12/24,11:10 AM,f,7.8,,,
1246,2410404,5/12/24,11:20 AM,m,,,,
1247,2410405,5/12/24,11:20 AM,f,8.2,,,
1248,2410406,5/12/24,11:20 AM,f,11.0,,,
1249,2410407,5/12/24,11:30 AM,f,10.0,,,
1250,2410408,5/12/24,11:45 AM,m,10.8,,,
1251,2410409,5/12/24,12:00 PM,m,10.6,,,
1252,2410410,5/12/24,12:00 PM,f,10.0,,,
1253,2410411,5/12/24,12:05 PM,f,13.6,,,
1254,2410412,5/12/24,1:30 PM,m,10.4,,,
1255,2410413,5/12/24,1:30 PM,f,9.2,,,
1256,2410414,5/12/24,1:35 PM,m,10.6,,,
1257,2410415,5/12/24,1:35 PM,f,10.2,,,
1258,2410416,5/12/24,1:40 PM,f,10.4,,,
1259,2410417,5/12/24,1:40 PM,f,10.6,,,
1260,2410418,5/12/24,2:00 PM,m,11.0,,,
1261,2410419,5/12/24,2:00 PM,m,11.4,,,
1262,2410420,5/12/24,2:05 PM,f,13.8,,,
1263,2410421,5/12/24,2:15 PM,m,13.6,,,
1264,2410422,5/12/24,2:15 PM,f,9.4,,,
1265,2410423,5/12/24,2:30 PM,m,11.6,,,
1266,2410424,5/12/24,2:30 PM,f,9.2,,,
1267,2410425,5/12/24,2:40 PM,f,9.0,,,
1268,2410426,5/12/24,2:40 PM,f,7.2,,,
1269,2410427,5/13/24,6:00 AM,m,8.8,,,
1270,2410428,5/13/24,6:00 AM,m,11.4,,,
1271,2410429,5/13/24,6:00 AM,f,10.2,,,
1272,2410430,5/13/24,7:00 AM,m,14.2,,,
1273,2410431,5/13/24,7:00 AM,m,13.2,,,
1274,2410432,5/13/24,7:00 AM,m,12.8,,,
1275,2410433,5/13/24,8:00 AM,m,12.4,,,
1276,2410434,5/13/24,8:00 AM,m,11.2,,,
1277,2410435,5/13/24,9:00 AM,m,13.7,,,
1278,2410436,5/13/24,9:30 AM,f,12.2,,,
1279,2410437,5/13/24,9:30 AM,m,11.2,,,
1280,2410438,5/13/24,10:00 AM,f,9.0,,,
1281,2410439,5/13/24,10:00 AM,m,8.0,,,
1282,2410440,5/13/24,10:00 AM,f,9.8,,,
1283,2410441,5/13/24,10:30 AM,m,13.0,,,
1284,2410442,5/13/24,11:00 AM,f,10.6,,,
1285,2410443,5/13/24,11:30 AM,m,9.0,,,
1286,2410444,5/13/24,11:30 AM,m,17.4,,,
1287,2410445,5/13/24,12:00 PM,f,10.2,,,
1288,2410446,5/13/24,1:00 PM,m,13.4,,,
1289,2410447,5/13/24,1:00 PM,f,15.2,,,
1290,2410448,5/13/24,1:30 PM,f,12.2,,,
1291,2410449,5/13/24,1:30 PM,m,11.2,,,
1292,2410450,5/13/24,1:30 PM,f,12.8,,,
1293,2410451,5/13/24,1:30 PM,m,13.6,,,
1294,2410452,5/13/24,2:00 PM,m,14.0,,,
1295,2410453,5/14/24,6:00 AM,m,14.0,,,
1296,2410454,5/14/24,6:30 AM,m,12.8,,,
1297,2410455,5/14/24,6:30 AM,f,11.2,,,
1298,2410456,5/14/24,6:30 AM,m,13.2,,,
1299,2410457,5/14/24,7:00 AM,m,6.8,,,
1300,2410458,5/14/24,7:00 AM,m,9.4,,,
1301,2410459,5/14/24,7:00 AM,m,10.4,,,
1302,2410460,5/14/24,7:30 AM,m,14.2,,,
1303,2410461,5/14/24,8:00 AM,f,9.4,,,
1304,2410462,5/14/24,8:15 AM,f,8.4,,,
1305,2410463,5/14/24,8:00 AM,f,7.8,,,
1306,2410464,5/14/24,8:10 AM,m,7.8,,,
1307,2410465,5/14/24,9:00 AM,f,10.2,,,
1308,2410466,5/14/24,9:30 AM,m,11.0,,,
1309,2410467,5/14/24,9:40 AM,f,11.0,,,
1310,2410468,5/14/24,10:00 AM,m,15.2,,,
1311,2410469,5/14/24,10:30 AM,m,15.4,,,
1312,2410470,5/14/24,11:30 AM,m,10.6,,,
1313,2410471,5/14/24,11:45 AM,m,9.0,,,
1314,2410472,5/14/24,12:00 PM,m,11.4,,,
1315,2410473,5/14/24,12:00 PM,f,12.2,,,
1316,2410474,5/14/24,12:00 PM,m,9.8,,,
1317,2410475,5/14/24,12:00 PM,m,11.4,,,
1318,2410476,5/14/24,12:00 PM,m,13.2,,,
1319,2410477,5/14/24,1:00 PM,m,14.4,,,
1320,2410478,5/14/24,1:00 PM,f,9.0,,,
1321,2410479,5/14/24,1:00 PM,f,9.2,,,
1322,2410480,5/14/24,1:00 PM,m,12.8,,,
1323,2410481,5/15/24,5:00 AM,m,15.4,,,
1324,2410482,5/15/24,6:00 AM,m,12.4,,,
1325,2410483,5/15/24,6:00 AM,m,9.0,,,
1326,2410484,5/15/24,6:20 AM,m,9.8,,,
1327,2410485,5/15/24,6:30 AM,m,12.0,,,
1328,2410486,5/15/24,8:00 AM,f,13.8,,,
1329,2410487,5/15/24,9:00 AM,m,11.0,,,
1330,2410488,5/15/24,9:00 AM,m,11.0,,,
1331,2410489,5/15/24,9:30 AM,m,10.4,,,
1332,2410490,5/15/24,9:30 AM,f,12.0,,,
1333,2410491,5/15/24,9:45 AM,m,13.8,,,
1334,2410492,5/15/24,10:00 AM,m,12.6,,,
1335,2410493,5/15/24,10:00 AM,f,12.0,,,
1336,2410494,5/15/24,10:30 AM,m,9.2,,,
1337,2410495,5/15/24,10:30 AM,m,10.6,,,
1338,2410496,5/15/24,10:30 AM,m,10.2,,,
1339,2410497,5/15/24,11:00 AM,f,9.8,,,
1340,2410498,5/15/24,11:00 AM,m,10.2,,,
1341,2410499,5/15/24,11:30 AM,f,14.0,,,
1342,2410500,5/15/24,12:00 PM,f,11.3,,,
1343,2410501,5/15/24,1:00 PM,m,9.8,,,
1344,2410502,5/15/24,1:00 PM,m,7.2,,,
1345,2410503,5/15/24,1:10 PM,m,10.8,,,
1346,2410504,5/15/24,1:00 PM,m,8.5,,,
1347,2410505,5/15/24,1:10 PM,f,9.0,,,
1348,2410506,5/15/24,1:30 PM,f,9.5,,,
1349,2410507,5/15/24,1:00 PM,f,13.8,,,
1350,2410508,5/15/24,1:00 PM,f,12.0,,,
1351,2410509,5/15/24,1:10 PM,m,14.6,,,
1352,2410510,5/15/24,1:30 PM,f,11.0,,,
1353,2410511,5/15/24,2:00 PM,m,14.4,,,
1354,2410512,5/15/24,2:00 PM,f,13.2,,,
1355,2410513,5/15/24,2:00 PM,f,14.4,,,
1356,2410514,5/15/24,2:00 PM,f,12.6,,,
1357,2410515,5/15/24,2:00 PM,m,12.8,,,
1358,2410516,5/15/24,2:00 PM,f,10.0,,,
1359,2410517,5/15/24,2:00 PM,m,14.6,,,
1360,2410518,5/15/24,2:30 PM,m,11.4,,,
1361,2410519,5/15/24,2:30 PM,m,15.8,,,
1362,2410520,5/15/24,2:30 PM,m,13.4,,,
1363,2410521,5/15/24,2:30 PM,m,12.2,,,
1364,2410522,5/15/24,2:30 PM,f,11.2,,,
1365,2410523,5/15/24,2:30 PM,f,8.4,,,
1366,2410524,5/15/24,2:30 PM,f,13.6,,,
1367,2410525,5/16/24,5:00 AM,m,11.2,,,
1368,2410526,5/16/24,5:00 AM,f,9.4,,,
1369,2410527,5/16/24,5:00 AM,f,9.0,,,
1370,2410528,5/16/24,5:00 AM,m,12.2,,,
1371,2410529,5/16/24,5:30 AM,f,14.2,,,
1372,2410530,5/16/24,6:00 AM,m,15.4,,,
1373,2410531,5/16/24,6:00 AM,f,8.2,,,
1374,2410532,5/16/24,6:00 AM,m,12.8,,,
1375,2410533,5/16/24,6:30 AM,f,12.4,,,
1376,2410534,5/16/24,7:00 AM,m,12.4,,,
1377,2410535,5/16/24,7:00 AM,f,9.8,,,
1378,2410536,5/16/24,7:30 AM,m,13.2,,,
1379,2410537,5/16/24,7:30 AM,f,12.0,,,
1380,2410538,5/16/24,8:00 AM,m,11.2,,,
1381,2410539,5/16/24,9:00 AM,f,12.0,,,
1382,2410540,5/16/24,9:30 AM,m,14.4,,,
1383,2410541,5/16/24,10:00 AM,f,12.8,,,
1384,2410542,5/16/24,10:00 AM,m,12.0,,,
1385,2410543,5/16/24,10:30 AM,f,8.4,,,
1386,2410544,5/16/24,10:30 AM,m,10.6,,,
1387,2410545,5/16/24,12:00 PM,f,12.4,,,
1388,2410546,5/16/24,12:00 PM,f,13.2,,,
1389,2410547,5/16/24,1:00 PM,m,11.0,,,
1390,2410548,5/16/24,1:00 PM,m,9.8,,,
1391,2410549,5/16/24,1:00 PM,m,9.4,,,
1392,2410550,5/16/24,1:30 PM,m,10.6,,,
1393,2410551,5/16/24,1:30 PM,m,13.4,,,
1394,2410552,5/17/24,5:00 AM,m,11.0,,,
1395,2410553,5/17/24,5:00 AM,f,14.6,,,
1396,2410554,5/17/24,6:00 AM,m,13.2,,,
1397,2410555,5/17/24,6:30 AM,m,12.6,,,
1398,2410556,5/17/24,6:30 AM,m,11.0,,,
1399,2410557,5/17/24,6:40 AM,f,8.6,,,
1400,2410558,5/17/24,7:00 AM,f,7.0,,,
1401,2410559,5/17/24,7:15 AM,m,8.0,,,
1402,2410560,5/17/24,8:00 AM,m,12.2,,,
1403,2410561,5/17/24,8:00 AM,f,6.6,,,
1404,2410562,5/17/24,8:30 AM,f,10.2,,,
1405,2410563,5/17/24,8:40 AM,m,12.0,,,
1406,2410564,5/17/24,9:00 AM,f,11.6,,,
1407,2410565,5/17/24,9:00 AM,f,12.2,,,
1408,2410566,5/17/24,9:30 AM,f,13.6,,,
1409,2410567,5/17/24,10:00 AM,f,11.2,,,
1410,2410568,5/17/24,10:30 AM,f,12.0,,,
1411,2410569,5/17/24,10:30 AM,f,8.8,,,
1412,2410570,5/17/24,11:00 AM,m,11.4,,,
1413,2410571,5/17/24,11:30 AM,f,11.2,,,
1414,2410572,5/17/24,12:00 PM,m,11.0,,,
1415,2410573,5/17/24,12:00 PM,f,13.2,,,
1416,2410574,5/17/24,12:00 PM,m,13.2,,,
1417,2410575,5/17/24,12:30 PM,m,14.8,,,
1418,2410576,5/17/24,12:30 PM,m,13.4,,,
1419,2410577,5/17/24,12:40 PM,m,11.0,,,
1420,2410578,5/17/24,1:00 PM,f,13.0,,,
1421,2410579,5/17/24,1:00 PM,m,12.2,,,
1422,2410580,5/17/24,1:00 PM,m,14.2,,,
1423,2410581,5/17/24,1:30 PM,m,14.2,,,
1424,2410582,5/17/24,1:30 PM,m,11.2,,,
1425,2410583,5/17/24,1:45 PM,m,8.8,,,
1426,2410584,5/17/24,1:30 PM,m,13.8,,,
1427,2410585,5/17/24,1:00 PM,m,16.4,,,
1428,2410586,5/18/24,5:00 AM,m,10.6,,,
1429,2410587,5/18/24,6:00 AM,m,15.6,,,
1430,2410588,5/18/24,6:00 AM,m,16.4,,,
1431,2410589,5/18/24,6:00 AM,m,10.2,,,
1432,2410590,5/18/24,6:00 AM,f,12.0,,,
1433,2410591,5/18/24,6:30 AM,f,10.0,,,
1434,2410592,5/18/24,6:45 AM,f,9.4,,,
1435,2410593,5/18/24,7:00 AM,f,10.0,,,
1436,2410594,5/18/24,7:00 AM,m,10.4,,,
1437,2410595,5/18/24,7:30 AM,f,10.2,,,
1438,2410596,5/18/24,7:30 AM,m,9.4,,,
1439,2410597,5/18/24,8:00 AM,f,14.2,,,
1440,2410598,5/18/24,8:30 AM,m,11.0,,,
1441,2410599,5/18/24,8:45 AM,m,8.4,,,
1442,2410600,5/18/24,9:00 AM,f,13.0,,,
1443,2410601,5/18/24,9:00 AM,f,12.2,,,
1444,2410602,5/18/24,9:30 AM,m,11.0,,,
1445,2410603,5/18/24,9:45 AM,f,12.2,,,
1446,2410604,5/18/24,10:00 AM,f,8.8,,,
1447,2410605,5/18/24,10:00 AM,f,11.6,,,
1448,2410606,5/18/24,10:00 AM,f,11.0,,,
1449,2410607,5/18/24,10:00 AM,f,10.2,,,
1450,2410608,5/18/24,11:00 AM,m,12.2,,,
1451,2410609,5/18/24,11:00 AM,f,10.4,,,
1452,2410610,5/18/24,11:30 AM,m,14.8,,,
1453,2410611,5/18/24,11:30 AM,m,8.6,,,
1454,2410612,5/18/24,12:00 PM,m,15.8,,,
1455,2410613,5/18/24,12:00 PM,f,11.6,,,
1456,2410614,5/18/24,12:00 PM,m,9.4,,,
1457,2410615,5/18/24,12:00 PM,f,13.0,,,
1458,2410616,5/18/24,1:00 PM,f,11.2,,,
1459,2410617,5/18/24,1:00 PM,m,14.4,,,
1460,2410618,5/18/24,1:00 PM,f,12.2,,,
1461,2410619,5/18/24,1:00 PM,f,8.8,,,
1462,2410620,5/18/24,1:00 PM,m,11.6,,,
1463,2410621,5/18/24,1:00 PM,f,9.4,,,
1464,2410622,5/18/24,1:00 PM,m,9.8,,,
1465,2410623,5/18/24,1:30 PM,f,12.2,,,
1466,2410624,5/18/24,1:30 PM,f,14.4,,,
1467,2410625,5/18/24,1:30 PM,f,12.4,,,
1468,2410626,5/18/24,1:30 PM,m,11.2,,,
1469,2410627,5/18/24,1:30 PM,f,10.6,,,
1470,2410628,5/18/24,1:30 PM,m,11.6,,,
1471,2410629,5/18/24,2:00 PM,f,12.4,,,
1472,2410630,5/18/24,2:00 PM,m,10.2,,,
1473,2410631,5/18/24,2:00 PM,m,12.8,,,
1474,2410632,5/18/24,2:00 PM,f,11.2,,,
1475,2410633,5/18/24,2:00 PM,f,11.0,,,
1476,2410634,5/18/24,2:00 PM,m,14.2,,,
1477,2410635,5/18/24,2:00 PM,m,14.4,,,
1478,2410636,5/18/24,2:00 PM,m,11.2,,,
1479,2410637,5/18/24,2:00 PM,m,11.4,,,
1480,2410638,5/18/24,2:30 PM,m,11.4,,,
1481,2410639,5/19/24,5:00 AM,m,15.4,,,
1482,2410640,5/19/24,5:30 AM,m,12.0,,,
1483,2410641,5/19/24,6:00 AM,f,12.6,,,
1484,2410642,5/19/24,6:30 AM,f,12.6,,,
1485,2410643,5/19/24,7:00 AM,m,13.4,,arello? chueco,
1486,2410644,5/19/24,7:00 AM,m,12.0,,,
1487,2410645,5/19/24,7:00 AM,m,11.2,,,
1488,2410646,5/19/24,7:30 AM,m,11.6,,,
1489,2410647,5/19/24,7:30 AM,f,9.8,,,
1490,2410648,5/19/24,7:40 AM,f,13.2,,,
1491,2410649,5/19/24,8:00 AM,f,10.4,,,
1492,2410650,5/19/24,8:00 AM,f,10.2,,,
1493,2410651,5/19/24,8:30 AM,m,9.0,,,
1494,2410652,5/19/24,8:30 AM,f,8.0,,boca mala,
1495,2410653,5/19/24,8:30 AM,f,13.4,,,
1496,2410654,5/19/24,9:00 AM,m,12.6,,,
1497,2410655,5/19/24,9:30 AM,m,11.4,,,
1498,2410656,5/19/24,9:30 AM,f,10.4,,,
1499,2410657,5/19/24,10:00 AM,f,13.2,,,
1500,2410658,5/19/24,10:00 AM,f,11.2,,,
1501,2410659,5/19/24,10:00 AM,m,13.8,,,
1502,2410660,5/19/24,11:00 AM,m,10.4,,,
1503,2410661,5/19/24,12:00 PM,m,11.6,,,
1504,2410662,5/19/24,12:30 PM,m,10.6,,,
1505,2410663,5/19/24,12:30 PM,m,9.4,,,
1506,2410664,5/19/24,1:00 PM,f,11.0,,,
1507,2410665,5/19/24,1:00 PM,f,12.2,,,
1508,2410666,5/19/24,1:00 PM,m,12.4,,,
1509,2410667,5/19/24,1:00 PM,f,13.2,,,
1510,2410668,5/19/24,1:30 PM,f,14.2,,,
1511,2410669,5/19/24,1:30 PM,m,10.2,,,
1512,2410670,5/19/24,1:30 PM,f,12.8,,,
1513,2410671,5/19/24,1:40 PM,m,12.0,,,
1514,2410672,5/19/24,2:00 PM,f,10.6,,,
1515,2410673,5/19/24,2:00 PM,m,12.0,,,
1516,2410674,5/19/24,2:00 PM,m,13.8,,,
1517,2410675,5/19/24,2:30 PM,f,10.2,,,
1518,2410676,5/19/24,2:30 PM,m,11.0,,,
1519,2410677,5/19/24,2:30 PM,f,10.8,,,
1520,2410678,5/19/24,2:30 PM,f,11.6,,,
1521,2410679,5/19/24,2:30 PM,m,14.6,,,
1522,2410680,5/19/24,2:30 PM,m,11.6,,,
1523,2410681,5/19/24,2:30 PM,f,6.2,,,
1524,2410682,5/20/24,6:00 AM,m,14.4,,,
1525,2410683,5/20/24,6:30 AM,m,14.4,,,
1526,2410684,5/20/24,6:30 AM,f,14.8,,,
1527,2410685,5/20/24,6:30 AM,f,12.2,,,
1528,2410686,5/20/24,7:00 AM,f,12.6,,,
1529,2410687,5/20/24,7:30 AM,f,9.4,,,
1530,2410688,5/20/24,8:00 AM,m,11.6,,,
1531,2410689,5/20/24,8:00 AM,m,11.6,,,
1532,2410690,5/20/24,8:00 AM,f,11.6,,,
1533,2410691,5/20/24,8:30 AM,m,15.2,,,
1534,2410692,5/20/24,9:00 AM,m,14.6,,,
1535,2410693,5/20/24,9:00 AM,m,10.2,,,
1536,2410694,5/20/24,9:00 AM,f,11.6,,,
1537,2410695,5/20/24,9:30 AM,f,7.4,,,
1538,2410696,5/20/24,9:30 AM,m,14.6,,,
1539,2410697,5/20/24,10:00 AM,f,13.0,,,
1540,2410698,5/20/24,10:30 AM,m,11.0,,,
1541,2410699,5/20/24,10:30 AM,m,12.2,,,
1542,2410700,5/20/24,11:00 AM,m,12.0,,,
1543,2410701,5/20/24,11:00 AM,m,10.4,,,
1544,2410702,5/20/24,11:00 AM,f,11.0,,,
1545,2410703,5/20/24,11:00 AM,f,11.6,,,
1546,2410704,5/20/24,11:00 AM,f,11.4,,,
1547,2410705,5/20/24,11:30 AM,f,12.2,,,
1548,2410706,5/20/24,11:30 AM,m,13.2,,,
1549,2410707,5/20/24,12:00 PM,m,12.4,,,
1550,2410708,5/20/24,12:00 PM,f,10.8,,,
1551,2410709,5/20/24,12:00 PM,m,13.2,,,
1552,2410710,5/20/24,12:30 PM,m,16.6,,,
1553,2410711,5/20/24,12:30 PM,m,12.4,,,
1554,2410712,5/20/24,12:30 PM,m,8.0,,,
1555,2410713,5/20/24,1:00 PM,m,11.6,,,
1556,2410714,5/20/24,1:00 PM,m,11.0,,,
1557,2410715,5/20/24,1:00 PM,m,11.2,,,
1558,2410716,5/20/24,1:00 PM,m,13.0,,,
1559,2410717,5/20/24,1:30 PM,m,17.8,,,
1560,2410718,5/20/24,1:30 PM,f,12.6,,,
1561,2410719,5/20/24,1:30 PM,f,12.2,,,
1562,2410720,5/20/24,1:30 PM,f,11.0,,,
1563,2410721,5/20/24,2:00 PM,m,10.0,,,
1564,2410722,5/20/24,2:00 PM,f,11.6,,,
1565,2410723,5/20/24,2:30 PM,f,9.2,,,
1566,2410724,5/20/24,2:30 PM,m,12.4,,,
1567,2410725,5/20/24,2:30 PM,f,12.8,,,
1568,2410726,5/20/24,2:45 PM,m,12.2,,,
1569,2410727,5/20/24,2:45 PM,m,12.4,,,
1570,2410728,5/21/24,5:00 AM,f,11.4,,,
1571,2410729,5/21/24,5:30 AM,f,12.0,,,
1572,2410730,5/21/24,5:30 AM,m,13.8,,,
1573,2410731,5/21/24,6:00 AM,f,8.8,,,
1574,2410732,5/21/24,6:00 AM,f,10.0,,,
1575,2410733,5/21/24,6:00 AM,m,12.4,,,
1576,2410734,5/21/24,6:00 AM,m,11.6,,,
1577,2410735,5/21/24,7:00 AM,m,14.2,,,
1578,2410736,5/21/24,7:00 AM,f,11.2,,,
1579,2410737,5/21/24,7:00 AM,m,12.2,,,
1580,2410738,5/21/24,7:30 AM,m,13.0,,,
1581,2410739,5/21/24,8:00 AM,f,10.2,,,
1582,2410740,5/21/24,8:30 AM,f,12.4,,,
1583,2410741,5/21/24,8:40 AM,m,16.8,,,
1584,2410742,5/21/24,9:00 AM,f,9.2,,,
1585,2410743,5/21/24,9:00 AM,f,12.6,,,
1586,2410744,5/21/24,9:00 AM,m,13.6,,,
1587,2410745,5/21/24,10:00 AM,f,12.8,,,
1588,2410746,5/21/24,10:00 AM,m,14.6,,,
1589,2410747,5/21/24,10:30 AM,m,12.2,,,
1590,2410748,5/21/24,11:00 AM,f,15.0,,,
1591,2410749,5/21/24,11:30 AM,m,10.2,,,
1592,2410750,5/21/24,11:30 AM,m,14.2,,,
1593,2410751,5/21/24,11:45 AM,m,11.0,,,
1594,2410752,5/21/24,11:45 AM,m,15.4,,,
1595,2410753,5/21/24,12:00 PM,f,13.6,,,
1596,2410754,5/21/24,12:00 PM,m,13.4,,,
1597,2410755,5/21/24,12:00 PM,m,13.2,,,
1598,2410756,5/21/24,1:00 PM,m,10.8,,,
1599,2410757,5/21/24,1:00 PM,f,12.4,,,
1600,2410758,5/21/24,1:00 PM,f,9.8,,,
1601,2410759,5/21/24,1:10 PM,f,10.8,,,
1602,2410760,5/21/24,1:30 PM,f,15.2,,,
1603,2410761,5/21/24,1:45 PM,m,17.6,,,
1604,2410762,5/21/24,2:00 PM,m,14.2,,,
1605,2410763,5/21/24,2:00 PM,f,12.8,,,
1606,2410764,5/21/24,2:00 PM,f,10.0,,,
1607,2410765,5/21/24,2:10 PM,f,15.4,,,
1608,2410766,5/21/24,2:30 PM,m,12.4,,,
1609,2410767,5/21/24,2:30 PM,f,10.4,,,
1610,2410768,5/21/24,2:30 PM,m,13.0,,,
1611,2410769,5/22/24,6:00 AM,f,11.2,,,
1612,2410770,5/22/24,6:30 AM,m,11.6,,,
1613,2410771,5/22/24,7:00 AM,f,8.6,,,
1614,2410772,5/22/24,7:00 AM,m,14.8,,,
1615,2410773,5/22/24,7:30 AM,m,14.4,,,
1616,2410774,5/22/24,7:30 AM,f,14.6,,,
1617,2410775,5/22/24,7:30 AM,f,10.6,,,
1618,2410776,5/22/24,8:00 AM,f,11.0,,,
1619,2410777,5/22/24,8:00 AM,f,10.4,,,
1620,2410778,5/22/24,8:30 AM,f,10.4,,,
1621,2410779,5/22/24,8:30 AM,f,12.2,,,
1622,2410780,5/22/24,9:00 AM,m,12.2,,,
1623,2410781,5/22/24,9:00 AM,m,10.8,,,
1624,2410782,5/22/24,9:00 AM,f,11.6,,,
1625,2410783,5/22/24,9:30 AM,f,12.2,,,
1626,2410784,5/22/24,10:00 AM,m,11.0,,,
1627,2410785,5/22/24,10:00 AM,m,11.2,,,
1628,2410786,5/22/24,11:00 AM,m,12.4,,,
1629,2410787,5/22/24,11:30 AM,f,12.4,,,
1630,2410788,5/22/24,11:30 AM,f,11.4,,,
1631,2410789,5/23/24,5:00 AM,f,10.0,,,
1632,2410790,5/23/24,6:00 AM,f,12.8,,,
1633,2410791,5/23/24,6:00 AM,f,8.6,,,
1634,2410792,5/23/24,6:00 AM,f,11.4,,,
1635,2410793,5/23/24,7:00 AM,f,10.2,,,
1636,2410794,5/23/24,7:30 AM,f,10.8,,,
1637,2410795,5/23/24,7:30 AM,f,9.4,,,
1638,2410796,5/23/24,7:45 AM,m,12.4,,,
1639,2410797,5/23/24,8:00 AM,f,14.8,,,
1640,2410798,5/23/24,9:00 AM,m,17.2,,,
1641,2410799,5/23/24,10:00 AM,f,10.0,,,
1642,2410800,5/23/24,10:00 AM,f,9.8,,,
1643,2410801,5/23/24,10:00 AM,f,12.6,,,
1644,2410802,5/23/24,10:00 AM,f,13.2,,,
1645,2410803,5/23/24,10:30 AM,f,10.6,,,
1646,2410804,5/23/24,11:00 AM,m,14.4,,,
1647,2410805,5/23/24,11:30 AM,m,10.0,,,
1648,2410806,5/23/24,12:00 PM,f,13.4,,,
1649,2410807,5/23/24,1:00 PM,f,12.6,,,
1650,2410808,5/24/24,6:00 AM,m,13.0,,,
1651,2410809,5/24/24,9:00 AM,m,14.6,,,
1652,2410810,5/24/24,12:00 PM,f,12.6,,,
1653,2410811,5/25/24,6:00 AM,m,12.2,,,
1654,2410812,5/25/24,6:30 AM,f,10.2,,,
1655,2410813,5/25/24,6:45 AM,f,10.2,,,
1656,2410814,5/25/24,7:00 AM,m,11.2,,,
1657,2410815,5/25/24,8:00 AM,f,12.2,,,
1658,2410816,5/25/24,9:00 AM,m,12.6,,,
1659,2410817,5/26/24,6:00 AM,m,12.4,,,
1660,2410818,5/26/24,6:30 AM,m,10.2,,,
1661,2410819,5/26/24,7:00 AM,m,11.2,,,
1662,2410820,5/26/24,7:00 AM,m,12.4,,,
1663,2410821,5/26/24,9:00 AM,f,13.4,,,
1664,2410822,5/26/24,10:00 AM,f,10.0,,,
1665,2410823,5/27/24,5:00 AM,f,14.4,,,
1666,2410824,5/27/24,6:00 AM,f,8.2,,,
1667,2410825,5/27/24,6:00 AM,m,10.0,,,
1668,2410826,5/27/24,9:00 AM,m,9.8,,,
1669,2410827,5/27/24,9:00 AM,m,11.6,,,
1670,2410828,5/27/24,9:30 AM,m,11.0,,,
1671,2410829,5/27/24,10:00 AM,m,13.4,,,
1672,2410830,5/27/24,12:00 PM,f,12.0,,,
1673,2410831,5/28/24,6:00 AM,m,14.8,,,
1674,2410832,5/28/24,8:00 AM,f,9.2,,,
1675,2410833,5/28/24,8:00 AM,f,9.4,,,
1676,2410834,5/29/24,9:00 AM,m,15.6,,,
1677,2410835,5/29/24,10:00 AM,m,12.8,,,
1678,2410836,5/29/24,10:00 AM,m,17.6,,,
1679,2410837,5/29/24,11:00 AM,m,11.6,,,
1680,2410838,5/29/24,11:00 AM,f,12.2,,,
1681,2410839,6/1/24,8:00 AM,f,12.2,,,
1682,2410840,6/1/24,10:00 AM,m,14.6,,,
1683,2410841,6/2/24,1:00 PM,m,13.2,,,
