EID ,Animal Eartag,Mic Rank,Mic Ave,Mic Dev,SD Mic,CV Mic,FWEC ,Yield %,GFW Kg,CEM ,<15 %,CF %,SF Mic,SL mm,Min Mic,Max Mic,FPFT mm,Fibre Ends,SD Along,CRV Dg/mm,SDC Dg/mm,BWT Kg,Sire ,Index ,Index Rank,Dam ,Lot Dest,Last G. Mic,Last G. SD,Last G. CVD,Group Grp,CFW Kg,CFW Rank,C. Hauteur mm,Notes ,NZ Bulk ,Score1 ,Score2 ,Score3 ,Date/Time
,2250041 ,212,16.3,-0.3,2.7,16.8, , , ,4.5,21.8,100.0,15.3,25.0,15.7,16.4,15.0,-0.2,0.40,81.5,63.2, ,,0,468,,,15.8,2.7,17.0,, ,0,36.9,,24.5,,,,10/08/2023 3:43:36 PM
,211187  ,214,16.3,-0.3,2.6,16.0, , , ,5.7,24.7,100.0,15.2,25.0,15.3,16.7,15.0,-0.5,0.60,78.6,56.2, ,,0,467,,,15.6,2.6,16.5,, ,0,36.9,,24.1,,,,10/08/2023 3:44:25 PM
,211155  ,389,18.1,+1.5,3.0,16.4, , , ,6.5,6.3,100.0,17.0,25.0,17.3,19.0,0,-0.3,0.70,94.0,64.5, ,,0,466,,,18.5,3.1,16.5,, ,0,40.9,,27.3,,,,10/08/2023 3:44:58 PM
,2250545 ,400,18.2,+1.6,3.2,17.3, , , ,6.2,8.2,98.9,17.2,25.0,17.6,19.0,15.0,-0.1,0.70,77.0,47.3, ,,0,465,,,18.1,3.3,18.4,, ,0,40.9,,25.1,,,,10/08/2023 3:46:11 PM
,225031  ,244,16.5,-0.1,2.5,15.0, , , ,4.5,22.4,100.0,15.3,10.0,16.6,16.6,0,0.1,0,101.4,66.3, ,,0,464,,,16.6,2.4,14.5,, ,0,0,,27.1,,,,10/08/2023 3:47:06 PM
,211894  ,261,16.7,+0.1,2.5,15.2, , , ,4.9,18.4,100.0,15.6,15.0,16.8,16.8,0,0.1,0,89.2,61.7, ,,0,463,,,16.8,2.4,14.4,, ,0,0,,25.7,,,,10/08/2023 3:47:37 PM
,4092    ,279,16.8,+0.2,3.1,18.2, , , ,5.0,24.1,100.0,16.0,20.0,17.1,17.1,0,0.3,0,78.9,53.7, ,,0,462,,,17.1,2.8,16.2,, ,0,33.7,,24.5,,,,10/08/2023 3:48:23 PM
,215124  ,403,18.3,+1.7,3.5,19.1, , , ,7.7,10.5,100.0,17.6,35.0,17.5,19.4,25.0,0.2,0.90,78.0,52.1, ,,0,461,,,17.6,3.0,17.2,, ,0,45.6,,25.2,,,,10/08/2023 3:49:20 PM
,2250211 ,75,14.9,-1.7,2.3,15.7, , , ,4.6,45.8,100.0,13.9,25.0,15.0,15.3,10.0,0.3,0.20,106.3,80.0, ,,0,460,,,15.0,2.3,15.1,, ,0,29.4,,26.4,,,,10/08/2023 3:50:05 PM
,211166  ,342,17.5,+0.9,3.0,17.0, , , ,6.2,11.6,100.0,16.5,20.0,17.5,17.9,10.0,0.2,0.20,60.8,44.2, ,,0,459,,,17.6,3.3,18.5,, ,0,33.7,,22.5,,,,10/08/2023 3:51:07 PM
,2250441`,450,19.6,+3.0,5.5,28.1, , , ,9.4,12.9,96.5,20.4,15.0,19.5,19.5,0,-0.1,0,56.1,48.7, ,,0,458,,,19.5,5.1,26.2,, ,0,0,,22.8,,,,10/08/2023 3:51:51 PM
,2210353 ,82,15.0,-1.6,2.8,18.9, , , ,6.0,45.6,100.0,14.4,25.0,15.0,15.0,0,0,0,82.7,63.2, ,,0,457,,,15.0,2.8,18.4,, ,0,33.1,,23.8,,,,10/08/2023 3:52:35 PM
,2210109 ,152,15.7,-0.9,3.1,19.4, , , ,6.0,43.0,100.0,15.1,20.0,15.7,15.7,0,0,0,133.3,80.8, ,,0,456,,,15.7,3.2,20.3,, ,0,31.2,,30.3,,,,10/08/2023 3:53:18 PM
,215193  ,433,19.1,+2.5,3.0,15.7, , , ,6.3,6.1,100.0,17.8,20.0,19.1,19.3,10.0,0.1,0.10,83.9,60.6, ,,0,455,,,19.2,3.4,17.9,, ,0,36.3,,26.6,,,,10/08/2023 3:53:48 PM
,5427    ,298,17.0,+0.4,2.7,16.0, , , ,6.0,16.0,100.0,15.9,20.0,17.0,17.0,0,0,0,97.9,67.4, ,,0,454,,,17.0,2.6,15.2,, ,0,33.5,,27.0,,,,10/08/2023 3:54:26 PM
,2250519 ,234,16.4,-0.2,2.5,15.2, , , ,4.6,25.5,100.0,15.2,30.0,16.0,17.2,20.0,0.2,0.50,62.7,52.7, ,,0,453,,,16.0,2.6,16.0,, ,0,37.3,,22.2,,,,10/08/2023 3:55:00 PM
,95131   ,323,17.3,+0.7,2.7,15.9, , , ,5.3,13.4,100.0,16.2,20.0,17.4,17.4,0,0.1,0,107.3,75.7, ,,0,452,,,17.4,2.7,15.6,, ,0,34.2,,28.5,,,,10/08/2023 3:55:35 PM
,95568   ,457,20.1,+3.5,3.1,15.2, , , ,5.6,2.8,100.0,18.7,15.0,19.7,19.7,0,-0.4,0,74.2,48.8, ,,0,451,,,19.7,2.8,14.5,, ,0,0,,25.7,,,,10/08/2023 3:56:33 PM
,211936  ,440,19.2,+2.6,4.7,24.4, , , ,9.3,17.7,98.9,19.3,25.0,17.4,19.2,0,-0.9,0.90,56.0,42.2, ,,0,450,,,19.1,4.4,22.9,, ,0,39.0,,22.6,,,,10/08/2023 3:57:10 PM
,215052  ,374,17.9,+1.3,2.7,15.0, , , ,5.4,7.4,100.0,16.6,30.0,17.5,18.4,0,0,0.40,77.3,59.3, ,,0,449,,,18.3,4.1,22.6,, ,0,41.0,,24.9,,,,10/08/2023 3:58:23 PM
,229021  ,39,14.5,-2.1,2.4,16.7, , , ,5.1,55.1,100.0,13.6,15.0,14.3,14.3,0,-0.2,0,74.9,68.2, ,,0,448,,,14.3,2.2,15.0,, ,0,0,,22.7,,,,10/08/2023 3:59:09 PM
,2250170 ,343,17.5,+0.9,3.0,17.3, , , ,5.9,15.1,100.0,16.5,30.0,16.2,18.6,20.0,-0.1,1.10,101.0,73.2, ,,0,447,,,16.5,3.6,21.7,, ,0,39.0,,27.8,,,,10/08/2023 3:59:40 PM
,2250417 ,111,15.3,-1.3,2.4,15.5, , , ,4.4,39.4,100.0,14.3,25.0,15.8,15.8,0,0.5,0,95.3,65.5, ,,0,446,,,15.8,3.3,21.0,, ,0,34.5,,25.5,,,,10/08/2023 4:00:07 PM
,95174   ,402,18.3,+1.7,3.2,17.4, , , ,5.9,9.6,100.0,17.3,25.0,18.5,18.8,0,0.4,0.20,88.3,62.2, ,,0,445,,,18.7,2.9,15.3,, ,0,39.4,,26.7,,,,10/08/2023 4:00:48 PM
,215132  ,454,19.9,+3.3,2.9,14.6, , , ,5.4,1.5,100.0,18.5,20.0,20.1,20.1,0,0.2,0,95.6,53.6, ,,0,444,,,20.1,3.0,15.0,, ,0,38.9,,28.9,,,,10/08/2023 4:01:46 PM
,2250230 ,377,17.9,+1.3,2.8,15.6, , , ,5.6,13.3,100.0,16.7,15.0,17.3,17.7,0,-0.4,0.20,91.3,55.0, ,,0,443,,,17.6,2.6,14.9,, ,0,0,,26.8,,,,10/08/2023 4:02:13 PM
,5238    ,467,22.4,+5.8,3.5,15.6, , , ,6.3,1.8,100.0,20.9,15.0,22.1,22.3,5.0,-0.2,0.10,86.4,60.7, ,,0,442,,,22.2,3.3,15.0,, ,0,0,,29.1,,,,10/08/2023 4:02:42 PM
,229122  ,171,15.9,-0.7,3.6,22.4, , , ,9.1,40.3,100.0,15.7,15.0,15.3,15.3,0,-0.6,0,101.3,71.9, ,,0,441,,,15.3,3.2,21.2,, ,0,0,,26.6,,,,10/08/2023 4:03:26 PM
,,211,16.2,-0.4,3.9,24.4, , , ,8.8,41.3,100.0,16.2,15.0,15.9,15.9,0,-0.3,0,70.0,52.2, ,,0,440,,,15.9,3.7,23.3,, ,0,0,,23.0,,,,10/08/2023 4:04:35 PM
,2250127 ,330,17.4,+0.8,2.9,16.6, , , ,6.1,12.4,100.0,16.4,25.0,17.3,17.7,10.0,0.2,0.20,92.7,69.3, ,,0,439,,,17.4,2.9,16.9,, ,0,33.5,,26.7,,,,10/08/2023 4:05:32 PM
,2210190 ,183,16.0,-0.6,2.8,17.4, , , ,5.5,31.5,100.0,15.1,20.0,14.5,15.3,10.0,-1.1,0.50,83.2,64.9, ,,0,438,,,14.9,2.6,17.8,, ,0,28.9,,24.5,,,,10/08/2023 4:06:01 PM
,229137  ,276,16.8,+0.2,2.4,14.4, , , ,4.8,14.8,100.0,15.6,25.0,16.5,17.3,0,0.1,0.40,84.6,63.5, ,,0,437,,,17.2,2.8,16.4,, ,0,36.4,,25.2,,,,10/08/2023 4:06:28 PM
,91944   ,430,19.0,+2.4,3.3,17.2, , , ,7.0,5.6,98.9,17.9,20.0,19.1,19.1,0,0.1,0,96.4,47.9, ,,0,436,,,19.1,3.1,16.3,, ,0,37.1,,28.3,,,,10/08/2023 4:07:00 PM
,2250328 ,151,15.7,-0.9,2.9,18.2, , , ,5.2,35.5,100.0,14.9,30.0,15.4,16.5,10.0,0.4,0.50,79.7,63.0, ,,0,435,,,16.4,2.6,15.8,, ,0,33.4,,23.9,,,,10/08/2023 4:07:42 PM
,4056    ,464,21.2,+4.6,3.7,17.4, , , ,6.3,2.3,97.1,20.1,20.0,21.0,21.5,10.0,0,0.30,94.5,70.2, ,,0,434,,,21.2,4.1,19.2,, ,0,39.9,,29.6,,,,10/08/2023 4:08:05 PM
,229160  ,338,17.5,+0.9,2.9,16.4, , , ,5.4,12.4,100.0,16.4,20.0,17.1,17.6,10.0,-0.2,0.30,74.9,53.5, ,,0,433,,,17.3,3.2,18.3,, ,0,33.1,,24.4,,,,10/08/2023 4:08:36 PM
,2210029 ,187,16.0,-0.6,3.4,21.5, , , ,7.3,33.6,100.0,15.7,20.0,15.9,15.9,0,-0.1,0,79.8,70.6, ,,0,432,,,15.9,3.4,21.6,, ,0,31.6,,24.1,,,,10/08/2023 4:09:06 PM
,215352  ,468,22.9,+6.3,3.0,13.3, , , ,5.7,0.4,97.7,21.1,30.0,22.7,23.2,10.0,0.2,0.20,77.8,63.1, ,,0,431,,,23.2,3.5,14.9,, ,0,45.6,,27.9,,,,10/08/2023 4:09:40 PM
,2250612 ,180,15.9,-0.7,2.4,15.0, , , ,4.7,29.0,100.0,14.8,35.0,15.3,15.7,10.0,-0.2,0.10,83.2,65.6, ,,0,430,,,15.6,2.2,13.9,, ,0,35.8,,24.5,,,,10/08/2023 4:10:11 PM
,229109  ,129,15.4,-1.2,2.9,19.0, , , ,5.6,43.2,100.0,14.8,45.0,15.1,16.4,30.0,0.4,0.50,86.2,58.9, ,,0,429,,,15.2,2.9,19.2,, ,0,42.1,,24.5,,,,10/08/2023 4:10:41 PM
,215241  ,460,20.4,+3.8,3.1,15.1, , , ,5.6,1.9,100.0,19.0,25.0,19.3,21.5,15.0,0,1.10,72.4,52.1, ,,0,428,,,19.8,2.9,14.7,, ,0,44.6,,25.6,,,,10/08/2023 4:11:36 PM
,211321  ,369,17.8,+1.2,3.3,18.3, , , ,6.0,14.8,100.0,17.0,35.0,15.8,18.6,0,-0.6,1.30,93.9,77.9, ,,0,427,,,18.1,2.9,16.0,, ,0,41.5,,27.1,,,,10/08/2023 4:12:20 PM
,211206  ,322,17.3,+0.7,3.4,19.4, , , ,5.7,19.8,100.0,16.6,25.0,17.2,18.4,0,0.5,0.70,80.7,57.8, ,,0,426,,,18.0,5.0,27.7,, ,0,37.7,,25.0,,,,10/08/2023 4:13:06 PM
,2250155 ,275,16.8,+0.2,2.9,17.3, , , ,5.5,24.2,100.0,15.9,20.0,17.4,17.6,10.0,0.7,0.10,102.2,68.2, ,,0,425,,,17.5,2.7,15.7,, ,0,33.4,,27.4,,,,10/08/2023 4:13:40 PM
,5827    ,429,19.0,+2.4,3.2,16.9, , , ,7.0,5.8,100.0,17.9,25.0,18.2,20.6,15.0,0.3,1.20,82.2,61.9, ,,0,424,,,18.4,3.2,17.3,, ,0,42.4,,26.3,,,,10/08/2023 4:14:07 PM
,95718   ,446,19.4,+2.8,2.9,14.8, , , ,5.3,4.2,100.0,18.0,30.0,18.8,19.6,10.0,0.2,0.30,104.0,72.7, ,,0,423,,,19.5,2.6,13.1,, ,0,39.3,,29.7,,,,10/08/2023 4:14:32 PM
,211516  ,307,17.2,+0.6,2.7,15.8, , , ,5.5,15.6,100.0,16.1,35.0,16.4,17.5,20.0,0,0.40,63.7,47.3, ,,0,422,,,16.7,2.1,12.7,, ,0,39.1,,22.7,,,,10/08/2023 4:14:58 PM
,4199    ,114,15.3,-1.3,1.9,12.6, , , ,3.4,33.1,100.0,14.1,25.0,15.1,15.3,10.0,-0.1,0.10,78.8,57.6, ,,0,421,,,15.2,1.7,11.2,, ,0,29.5,,23.6,,,,10/08/2023 4:15:22 PM
,211183  ,228,16.4,-0.2,3.3,20.2, , , ,7.1,26.9,100.0,15.9,20.0,16.0,16.7,10.0,0,0.30,86.2,56.0, ,,0,420,,,16.2,3.0,18.3,, ,0,31.3,,25.1,,,,10/08/2023 4:16:53 PM
,2210429 ,326,17.3,+0.7,2.9,17.1, , , ,6.0,15.5,100.0,16.3,20.0,17.2,17.6,10.0,0.1,0.20,80.5,57.6, ,,0,419,,,17.3,3.5,19.9,, ,0,33.2,,25.0,,,,10/08/2023 4:17:37 PM
,2210646 ,344,17.5,+0.9,2.7,15.4, , , ,6.0,12.2,100.0,16.3,25.0,17.1,17.4,10.0,-0.2,0.20,77.3,52.1, ,,0,418,,,17.1,2.9,17.2,, ,0,33.0,,24.7,,,,10/08/2023 4:18:08 PM
,2210428 ,79,15.0,-1.6,2.9,19.4, , , ,6.0,44.0,100.0,14.4,20.0,14.9,15.0,10.0,-0.1,0.10,76.5,57.9, ,,0,417,,,14.9,2.5,16.7,, ,0,29.0,,23.1,,,,10/08/2023 4:18:38 PM
,229106  ,273,16.8,+0.2,2.6,15.5, , , ,4.8,19.0,100.0,15.7,20.0,16.9,17.2,10.0,0.3,0.20,65.8,58.7, ,,0,416,,,17.0,2.7,15.6,, ,0,32.6,,22.8,,,,10/08/2023 4:19:04 PM
,2210573 ,58,14.7,-1.9,2.4,16.2, , , ,4.8,45.5,100.0,13.8,20.0,14.5,14.5,0,-0.2,0,86.3,57.9, ,,0,415,,,14.5,2.3,15.7,, ,0,29.2,,24.0,,,,10/08/2023 4:19:35 PM
,2250524 ,146,15.6,-1.0,2.1,13.5, , , ,4.3,30.2,100.0,14.3,25.0,14.5,15.6,15.0,-0.6,0.60,104.4,69.8, ,,0,414,,,14.8,1.9,12.9,, ,0,35.2,,26.8,,,,10/08/2023 4:20:19 PM
,215154  ,268,16.7,+0.1,2.6,15.7, , , ,4.9,21.1,100.0,15.6,30.0,16.0,17.1,15.0,0.1,0.50,82.3,58.0, ,,0,413,,,16.2,2.6,15.9,, ,0,33.4,,24.8,,,,10/08/2023 4:20:57 PM
,229148  ,359,17.7,+1.1,3.0,16.9, , , ,5.3,15.4,100.0,16.7,20.0,17.7,18.1,10.0,0.2,0.20,87.4,72.1, ,,0,412,,,17.8,3.2,18.0,, ,0,34.1,,26.2,,,,10/08/2023 4:21:36 PM
,211637  ,372,17.8,+1.2,3.0,16.8, , , ,5.8,12.4,100.0,16.7,45.0,17.4,18.2,5.0,0,0.20,77.9,58.5, ,,0,411,,,17.9,3.1,17.1,, ,0,48.4,,24.9,,,,10/08/2023 4:22:39 PM
,2210578 ,219,16.3,-0.3,2.7,16.6, , , ,5.9,23.6,100.0,15.3,20.0,15.8,16.0,0,-0.4,0.10,96.5,75.3, ,,0,410,,,16.0,2.5,15.6,, ,0,31.7,,26.4,,,,10/08/2023 4:23:24 PM
,215113  ,409,18.5,+1.9,3.6,19.5, , , ,6.8,12.5,99.3,17.8,25.0,17.6,19.1,15.0,-0.2,0.70,89.9,58.1, ,,0,409,,,17.8,3.5,20.0,, ,0,40.6,,27.0,,,,10/08/2023 4:24:45 PM
,229052  ,102,15.3,-1.3,2.5,16.4, , , ,5.4,41.8,100.0,14.4,20.0,15.3,15.6,15.0,0.1,0.20,72.6,45.1, ,,0,408,,,15.5,2.6,17.1,, ,0,33.6,,22.8,,,,10/08/2023 4:25:11 PM
,2210042 ,316,17.2,+0.6,3.5,20.4, , , ,6.3,21.5,100.0,16.7,15.0,17.1,17.1,0,-0.1,0,84.4,43.2, ,,0,407,,,17.1,3.3,19.3,, ,0,0,,25.4,,,,10/08/2023 4:26:02 PM
,215247  ,350,17.6,+1.0,2.7,15.5, , , ,5.7,9.2,100.0,16.4,25.0,16.6,17.9,10.0,-0.1,0.60,80.3,52.9, ,,0,406,,,17.5,2.1,12.0,, ,0,33.1,,25.1,,,,10/08/2023 4:26:48 PM
,2250260 ,71,14.9,-1.7,2.3,15.6, , , ,4.8,43.8,100.0,13.9,30.0,14.1,15.0,10.0,-0.2,0.40,92.9,70.7, ,,0,405,,,14.7,2.1,14.4,, ,0,30.8,,24.9,,,,10/08/2023 4:27:20 PM
,229119  ,137,15.5,-1.1,3.0,19.2, , , ,6.0,43.2,100.0,14.8,25.0,15.1,15.5,15.0,-0.2,0.20,80.0,49.0, ,,0,404,,,15.1,3.0,20.0,, ,0,35.5,,23.8,,,,10/08/2023 4:27:48 PM
,211313  ,1,0,-16.6,0,0, , , ,0,0,100.0,0,5.0,0,0,0,0,0,0,0, ,,0,403,,,0,0,0,, ,0,0,,14.4,,,,10/08/2023 4:28:52 PM
,211313  ,449,19.5,+2.9,3.0,15.2, , , ,5.3,5.1,100.0,18.2,20.0,19.2,20.4,10.0,0.3,0.70,66.1,39.7, ,,0,402,,,19.6,2.6,13.4,, ,0,37.4,,24.2,,,,10/08/2023 4:29:31 PM
,211330  ,119,15.4,-1.2,2.6,16.8, , , ,5.6,40.5,100.0,14.5,25.0,15.0,16.0,15.0,0.1,0.50,95.4,56.2, ,,0,401,,,15.1,2.5,16.6,, ,0,35.8,,25.6,,,,10/08/2023 4:30:15 PM
,215650  ,438,19.2,+2.6,3.4,17.9, , , ,6.2,5.6,98.8,18.2,20.0,19.0,19.0,0,-0.2,0,80.4,58.9, ,,0,400,,,19.0,3.5,18.5,, ,0,36.9,,26.1,,,,10/08/2023 4:30:47 PM
,2250052 ,45,14.6,-2.0,2.2,15.3, , , ,4.4,46.2,100.0,13.6,15.0,14.2,14.2,0,-0.4,0,103.0,65.2, ,,0,399,,,14.2,2.0,14.2,, ,0,0,,25.8,,,,10/08/2023 4:31:16 PM
,211280  ,424,18.8,+2.2,4.0,21.3, , , ,7.6,13.3,100.0,18.3,30.0,18.5,18.8,10.0,-0.1,0.10,58.4,47.1, ,,0,398,,,18.8,3.7,19.9,, ,0,38.2,,22.7,,,,10/08/2023 4:32:00 PM
,2250208 ,44,14.5,-2.1,2.5,17.5, , , ,5.1,53.5,100.0,13.8,20.0,14.5,14.5,0,0,0,115.3,52.1, ,,0,397,,,14.5,2.5,17.2,, ,0,29.2,,27.1,,,,10/08/2023 4:32:25 PM
,215449  ,431,19.0,+2.4,3.2,16.8, , , ,6.0,4.0,100.0,17.9,20.0,18.0,20.2,10.0,0.1,1.20,62.6,48.9, ,,0,396,,,18.9,3.2,17.0,, ,0,36.0,,23.4,,,,10/08/2023 4:32:52 PM
,215249  ,455,20.0,+3.4,3.5,17.3, , , ,5.8,7.4,99.2,18.9,30.0,19.5,21.7,15.0,0.6,1.10,84.7,66.3, ,,0,395,,,19.5,3.4,17.7,, ,0,42.4,,27.3,,,,10/08/2023 4:33:20 PM
,91505   ,386,18.1,+1.5,1.8,10.2, , , ,3.7,1.7,100.0,16.3,25.0,18.0,18.1,0,-0.1,0.10,100.2,81.3, ,,0,394,,,18.1,1.8,10.2,, ,0,38.4,,28.2,,,,10/08/2023 4:33:57 PM
,215609  ,452,19.9,+3.3,4.0,20.2, , , ,6.1,8.0,98.9,19.2,10.0,20.2,20.2,0,0.3,0,95.8,61.3, ,,0,393,,,20.2,2.7,13.6,, ,0,0,,28.9,,,,10/08/2023 4:34:24 PM
,81274   ,206,16.2,-0.4,2.4,14.8, , , ,4.5,22.9,100.0,15.1,25.0,16.1,16.5,15.0,0.1,0.20,76.9,55.2, ,,0,392,,,16.2,2.4,14.8,, ,0,37.3,,23.9,,,,10/08/2023 4:35:02 PM
,229181  ,63,14.8,-1.8,2.4,16.3, , , ,4.8,48.5,100.0,13.9,20.0,14.9,14.9,0,0.1,0,82.3,67.6, ,,0,391,,,14.9,2.3,15.4,, ,0,29.9,,23.7,,,,10/08/2023 4:35:36 PM
,211242  ,80,15.0,-1.6,2.6,17.3, , , ,5.4,44.8,100.0,14.2,20.0,14.4,15.6,0,0,0.60,79.7,55.5, ,,0,390,,,15.5,2.7,17.5,, ,0,30.4,,23.5,,,,10/08/2023 4:36:34 PM
,215418  ,445,19.3,+2.7,2.2,11.4, , , ,4.7,0,100.0,17.5,15.0,19.3,19.3,0,0,0,79.6,53.3, ,,0,389,,,19.3,3.2,16.7,, ,0,0,,26.1,,,,10/08/2023 4:37:13 PM
,229176  ,90,15.2,-1.4,2.1,13.5, , , ,3.6,35.7,100.0,14.0,20.0,15.0,15.0,0,-0.2,0,75.0,50.5, ,,0,388,,,15.0,2.1,14.1,, ,0,30.0,,23.1,,,,10/08/2023 4:37:42 PM
,2250558 ,155,15.7,-0.9,2.7,17.0, , , ,5.7,34.8,100.0,14.8,25.0,15.5,16.3,15.0,0.2,0.40,73.6,56.3, ,,0,387,,,15.6,2.9,18.8,, ,0,36.6,,23.2,,,,10/08/2023 4:38:12 PM
,91776   ,465,21.2,+4.6,3.6,17.2, , , ,7.5,0.4,98.5,20.1,20.0,20.8,21.6,5.0,0,0.40,68.0,52.0, ,,0,386,,,20.8,5.0,23.8,, ,0,0,,25.4,,,,10/08/2023 4:38:47 PM
,229012  ,182,16.0,-0.6,2.4,15.0, , , ,4.7,29.1,100.0,14.8,20.0,16.0,16.1,0,0.1,0.10,81.6,62.2, ,,0,385,,,16.1,2.4,15.1,, ,0,31.8,,24.3,,,,10/08/2023 4:39:42 PM
,2250337 ,251,16.6,0,2.8,16.8, , , ,5.6,21.1,100.0,15.6,15.0,15.9,16.9,5.0,-0.2,0.60,89.2,52.5, ,,0,384,,,16.2,2.7,16.5,, ,0,0,,25.7,,,,10/08/2023 4:40:15 PM
,2210009 ,141,15.5,-1.1,2.5,16.3, , , ,4.5,31.0,100.0,14.5,25.0,15.3,16.1,15.0,0.1,0.30,91.8,67.7, ,,0,383,,,15.4,2.6,16.9,, ,0,36.1,,25.2,,,,10/08/2023 4:40:55 PM
,229004  ,209,16.2,-0.4,2.9,17.7, , , ,5.1,31.4,100.0,15.3,20.0,16.7,16.7,0,0.5,0,66.3,46.2, ,,0,382,,,16.7,2.9,17.3,, ,0,33.0,,22.6,,,,10/08/2023 4:41:33 PM
,211159  ,370,17.8,+1.2,3.1,17.4, , , ,6.2,13.5,100.0,16.8,25.0,17.2,18.3,15.0,0,0.60,99.0,54.3, ,,0,381,,,17.3,2.8,16.1,, ,0,39.7,,27.8,,,,10/08/2023 4:42:42 PM
,211621  ,425,18.8,+2.2,2.6,13.6, , , ,5.4,2.1,100.0,17.3,25.0,18.9,19.5,0,0.1,0.30,57.5,38.5, ,,0,380,,,19.1,3.6,18.6,, ,0,40.1,,22.6,,,,10/08/2023 4:43:30 PM
,229701  ,250,16.6,0,3.7,22.4, , , ,7.2,31.1,100.0,16.3,25.0,16.8,17.5,15.0,0.5,0.40,110.3,71.6, ,,0,379,,,17.0,3.8,22.4,, ,0,39.0,,28.3,,,,10/08/2023 4:44:17 PM
,211402  ,116,15.3,-1.3,2.6,16.7, , , ,5.2,38.6,100.0,14.4,25.0,14.8,15.9,15.0,0,0.60,74.0,55.8, ,,0,378,,,15.0,2.4,15.8,, ,0,35.6,,23.0,,,,10/08/2023 4:44:53 PM
,211190  ,345,17.5,+0.9,2.5,14.2, , , ,4.9,8.1,100.0,16.1,25.0,17.7,18.1,15.0,0.4,0.20,87.8,54.2, ,,0,377,,,17.8,4.0,22.5,, ,0,40.1,,26.1,,,,10/08/2023 4:45:39 PM
,211277  ,341,17.5,+0.9,3.0,17.4, , , ,6.1,15.1,100.0,16.6,25.0,16.4,18.3,10.0,0.3,0.70,73.6,52.0, ,,0,376,,,17.0,3.2,18.7,, ,0,33.1,,24.2,,,,10/08/2023 4:46:21 PM
,229105  ,86,15.1,-1.5,2.3,15.3, , , ,4.6,39.4,100.0,14.0,25.0,14.6,15.5,0,-0.1,0.50,82.0,61.7, ,,0,375,,,15.3,2.2,14.5,, ,0,33.2,,23.8,,,,10/08/2023 4:47:02 PM
,211157  ,120,15.4,-1.2,2.9,18.6, , , ,6.2,40.0,100.0,14.7,25.0,14.7,16.0,0,0,0.70,69.4,45.6, ,,0,374,,,16.0,2.8,17.3,, ,0,34.0,,22.5,,,,10/08/2023 4:47:50 PM
,2250051 ,32,14.4,-2.2,3.0,21.2, , , ,6.3,57.5,100.0,14.0,20.0,14.5,15.1,5.0,0.4,0.30,84.7,55.3, ,,0,373,,,14.5,3.1,21.5,, ,0,25.7,,23.7,,,,10/08/2023 4:48:43 PM
,211674  ,373,17.9,+1.3,2.5,14.2, , , ,5.1,5.6,100.0,16.5,20.0,18.2,18.6,10.0,0.5,0.20,68.5,50.3, ,,0,372,,,18.3,2.8,15.1,, ,0,34.9,,23.7,,,,10/08/2023 4:49:42 PM
,215137  ,365,17.8,+1.2,3.0,16.7, , , ,6.2,10.8,100.0,16.7,20.0,17.7,18.0,0,0.1,0.10,92.5,59.1, ,,0,371,,,18.0,3.0,16.9,, ,0,35.0,,26.9,,,,10/08/2023 4:50:28 PM
,2210483 ,189,16.1,-0.5,3.1,19.3, , , ,5.2,29.2,100.0,15.4,30.0,15.3,17.2,10.0,0.2,1.00,77.9,55.1, ,,0,370,,,17.2,4.1,24.1,, ,0,36.1,,23.9,,,,10/08/2023 4:53:37 PM
,2250166 ,122,15.4,-1.2,2.8,18.5, , , ,5.6,40.8,100.0,14.6,20.0,14.8,15.8,0,-0.1,0.50,73.1,58.8, ,,0,369,,,15.5,2.9,18.6,, ,0,30.6,,23.0,,,,10/08/2023 4:54:33 PM
,2210500 ,100,15.3,-1.3,2.0,13.2, , , ,3.9,32.4,100.0,14.0,20.0,15.1,15.4,10.0,-0.1,0.20,86.7,67.6, ,,0,368,,,15.2,2.1,13.8,, ,0,29.5,,24.5,,,,10/08/2023 4:56:21 PM
,2210018 ,197,16.1,-0.5,2.2,13.8, , , ,3.8,22.9,100.0,14.9,20.0,15.7,16.3,0,-0.1,0.30,87.8,69.0, ,,0,367,,,16.1,2.1,12.8,, ,0,31.8,,25.1,,,,10/08/2023 4:56:57 PM
,2250402 ,256,16.6,0,3.3,19.6, , , ,6.5,27.1,100.0,16.0,20.0,16.0,18.2,5.0,0.7,1.00,75.1,52.7, ,,0,366,,,16.2,3.5,21.5,, ,0,29.3,,23.9,,,,10/08/2023 4:57:30 PM
,2210378 ,2,12.8,-3.8,2.1,16.4, , , ,4.2,80.6,100.0,12.0,15.0,12.5,12.5,0,-0.3,0,95.4,76.4, ,,0,365,,,12.5,1.8,14.3,, ,0,0,,23.7,,,,10/08/2023 4:58:22 PM
,211722  ,208,16.2,-0.4,2.9,17.7, , , ,5.3,25.9,100.0,15.4,30.0,14.8,17.6,15.0,0.3,1.20,83.0,55.0, ,,0,364,,,15.3,2.7,17.7,, ,0,32.4,,24.6,,,,10/08/2023 4:59:01 PM
,215768  ,166,15.8,-0.8,1.9,12.1, , , ,3.9,23.6,100.0,14.4,15.0,15.5,16.0,5.0,-0.1,0.30,70.8,47.0, ,,0,363,,,15.7,1.9,12.1,, ,0,0,,22.9,,,,10/08/2023 4:59:38 PM
,2210122 ,223,16.4,-0.2,3.0,18.4, , , ,5.5,28.9,100.0,15.6,20.0,15.6,16.7,0,-0.2,0.60,70.0,52.4, ,,0,362,,,16.3,4.0,24.4,, ,0,32.0,,23.1,,,,10/08/2023 5:00:04 PM
,215002  ,361,17.7,+1.1,2.2,12.4, , , ,4.1,6.5,100.0,16.1,20.0,16.7,17.3,5.0,-0.6,0.30,72.5,57.4, ,,0,361,,,16.8,2.0,12.0,, ,0,29.7,,24.2,,,,10/08/2023 5:00:37 PM
,6243    ,202,16.2,-0.4,2.7,16.5, , , ,5.4,23.4,100.0,15.2,20.0,16.1,17.2,10.0,0.4,0.50,66.6,45.1, ,,0,360,,,16.2,2.6,16.2,, ,0,31.6,,22.6,,,,10/08/2023 5:01:19 PM
,211378  ,271,16.7,+0.1,2.6,15.6, , , ,5.1,18.8,100.0,15.6,30.0,16.8,17.5,20.0,0.4,0.30,118.3,69.7, ,,0,359,,,16.9,2.6,15.3,, ,0,38.9,,29.4,,,,10/08/2023 5:01:56 PM
,2210493 ,168,15.8,-0.8,2.6,16.4, , , ,5.0,31.5,100.0,14.8,10.0,15.7,15.8,0,-0.1,0.10,72.0,52.8, ,,0,358,,,15.8,2.5,15.8,, ,0,0,,23.0,,,,10/08/2023 5:03:32 PM
,211914  ,133,15.4,-1.2,2.3,14.8, , , ,4.4,35.5,100.0,14.3,35.0,15.3,15.9,30.0,0,0.20,87.6,63.0, ,,0,357,,,15.5,2.8,18.2,, ,0,40.4,,24.7,,,,10/08/2023 5:04:40 PM
,211128  ,384,18.0,+1.4,3.0,16.4, , , ,6.2,8.7,100.0,16.9,20.0,17.5,18.2,10.0,-0.2,0.40,83.0,51.9, ,,0,356,,,17.7,3.0,17.0,, ,0,34.0,,25.8,,,,10/08/2023 5:05:06 PM
,2250455 ,266,16.7,+0.1,2.8,16.5, , , ,5.6,18.6,100.0,15.7,35.0,16.4,17.6,10.0,0.3,0.50,91.7,68.0, ,,0,355,,,16.6,2.5,15.2,, ,0,38.1,,26.0,,,,10/08/2023 5:05:39 PM
,2250496 ,47,14.6,-2.0,2.9,19.8, , , ,5.3,51.3,100.0,14.1,25.0,14.1,15.3,10.0,0.1,0.60,83.8,62.9, ,,0,354,,,14.1,2.6,18.4,, ,0,28.3,,23.7,,,,10/08/2023 5:06:19 PM
,2250658 ,253,16.6,0,2.4,14.6, , , ,5.4,23.4,100.0,15.4,15.0,16.5,16.5,0,-0.1,0,99.2,62.4, ,,0,353,,,16.5,2.4,14.3,, ,0,0,,26.9,,,,10/08/2023 5:06:59 PM
,75647   ,357,17.7,+1.1,2.7,15.5, , , ,5.3,12.2,100.0,16.5,30.0,17.2,17.6,10.0,-0.2,0.10,85.3,54.5, ,,0,352,,,17.6,2.6,15.0,, ,0,36.1,,25.9,,,,10/08/2023 5:07:39 PM
,2250288 ,346,17.5,+0.9,2.9,16.5, , , ,6.0,12.2,100.0,16.5,15.0,16.9,17.6,0,-0.2,0.40,89.0,70.0, ,,0,351,,,17.4,3.0,17.0,, ,0,0,,26.2,,,,10/08/2023 5:08:10 PM
,229026  ,124,15.4,-1.2,2.3,15.2, , , ,4.8,33.5,100.0,14.3,20.0,15.1,15.5,0,-0.1,0.20,77.3,53.2, ,,0,350,,,15.5,2.7,17.6,, ,0,30.7,,23.4,,,,10/08/2023 5:08:38 PM
,2250188 ,69,14.9,-1.7,2.1,14.2, , , ,4.1,40.2,100.0,13.8,20.0,14.3,15.3,15.0,-0.1,0.50,87.2,69.7, ,,0,349,,,14.6,2.3,15.4,, ,0,32.4,,24.3,,,,10/08/2023 5:09:29 PM
,2210305 ,233,16.4,-0.2,3.0,18.1, , , ,6.0,28.0,100.0,15.6,25.0,15.1,17.4,0,-0.1,1.00,74.0,55.5, ,,0,348,,,17.1,2.7,15.9,, ,0,35.6,,23.6,,,,10/08/2023 5:10:01 PM
,2250610 ,186,16.0,-0.6,2.8,17.3, , , ,5.3,32.8,100.0,15.1,15.0,15.5,15.7,0,-0.4,0.10,91.6,64.5, ,,0,347,,,15.6,2.6,16.7,, ,0,0,,25.5,,,,10/08/2023 5:10:53 PM
,2210530 ,239,16.5,-0.1,2.8,17.0, , , ,5.5,26.2,100.0,15.5,25.0,15.8,17.2,15.0,0,0.70,115.9,76.6, ,,0,346,,,16.2,2.7,16.9,, ,0,37.9,,28.9,,,,10/08/2023 5:11:20 PM
,2210809 ,18,14.0,-2.6,2.5,17.6, , , ,4.7,65.0,100.0,13.3,15.0,13.7,14.3,5.0,0,0.30,75.3,56.5, ,,0,345,,,13.9,2.4,17.1,, ,0,0,,22.4,,,,10/08/2023 5:11:48 PM
,215242  ,453,19.9,+3.3,2.8,14.1, , , ,5.5,1.9,100.0,18.4,30.0,19.7,20.7,0,0,0.40,82.4,57.6, ,,0,344,,,20.0,3.3,16.6,, ,0,39.7,,26.9,,,,10/08/2023 5:12:24 PM
,211267  ,247,16.6,0,2.0,11.9, , , ,3.9,13.4,100.0,15.2,10.0,16.6,16.6,0,0,0,69.2,45.3, ,,0,343,,,16.6,1.9,11.2,, ,0,0,,23.1,,,,10/08/2023 5:12:57 PM
,91638   ,380,18.0,+1.4,2.5,14.0, , , ,5.4,6.5,100.0,16.6,30.0,17.0,19.3,20.0,0.2,1.10,70.0,53.0, ,,0,342,,,17.5,2.6,15.1,, ,0,40.9,,24.0,,,,10/08/2023 5:13:31 PM
,211296  ,103,15.3,-1.3,2.4,15.7, , , ,5.2,41.8,100.0,14.2,15.0,14.9,15.6,5.0,-0.1,0.40,94.7,62.5, ,,0,341,,,15.2,2.5,16.6,, ,0,0,,25.4,,,,10/08/2023 5:14:08 PM
,2250330 ,255,16.6,0,2.3,13.8, , , ,4.3,17.7,100.0,15.3,20.0,16.2,17.4,10.0,0.2,0.60,71.3,51.4, ,,0,340,,,16.4,2.1,12.7,, ,0,32.0,,23.4,,,,10/08/2023 5:14:37 PM
,71476   ,176,15.9,-0.7,2.7,16.8, , , ,5.5,32.4,100.0,15.0,20.0,15.9,15.9,0,0,0,99.8,71.5, ,,0,339,,,15.9,2.6,16.2,, ,0,31.6,,26.5,,,,10/08/2023 5:15:20 PM
,215446  ,331,17.4,+0.8,2.4,13.9, , , ,5.2,7.3,100.0,16.1,20.0,16.7,18.3,0,0.1,0.80,74.3,53.9, ,,0,338,,,18.2,2.5,13.7,, ,0,35.0,,24.2,,,,10/08/2023 5:15:55 PM
,95506   ,462,20.6,+4.0,3.0,14.4, , , ,5.4,1.2,100.0,19.0,10.0,20.7,20.7,0,0.1,0,71.9,70.5, ,,0,337,,,20.7,2.8,13.7,, ,0,0,,25.7,,,,10/08/2023 5:16:22 PM
,2250667 ,185,16.0,-0.6,2.8,17.2, , , ,5.4,34.2,100.0,15.1,15.0,15.7,16.3,5.0,0,0.30,88.6,71.3, ,,0,336,,,15.9,3.1,19.4,, ,0,0,,25.2,,,,10/08/2023 5:16:52 PM
,2250430 ,97,15.2,-1.4,2.9,19.3, , , ,6.0,46.3,100.0,14.6,20.0,14.1,15.7,10.0,-0.3,0.80,84.7,55.6, ,,0,335,,,14.6,2.9,19.7,, ,0,28.8,,24.2,,,,10/08/2023 5:17:21 PM
,2250027 ,259,16.7,+0.1,2.6,15.4, , , ,4.8,19.8,100.0,15.6,10.0,16.8,17.1,0,0.2,0.20,82.5,55.0, ,,0,334,,,16.9,2.6,15.1,, ,0,0,,24.9,,,,10/08/2023 5:17:46 PM
,4033    ,444,19.3,+2.7,2.7,14.2, , , ,4.9,2.8,100.0,17.8,15.0,19.3,19.3,0,0,0,79.4,43.8, ,,0,333,,,19.3,2.7,14.1,, ,0,0,,26.0,,,,10/08/2023 5:18:19 PM
,2250608 ,117,15.3,-1.3,2.5,16.6, , , ,5.2,40.5,100.0,14.4,30.0,14.2,16.8,15.0,0.4,1.00,93.6,74.5, ,,0,332,,,14.5,2.1,14.3,, ,0,31.1,,25.3,,,,10/08/2023 5:18:48 PM
,229068  ,139,15.5,-1.1,3.0,19.1, , , ,5.8,38.8,100.0,14.9,25.0,15.2,15.2,0,-0.3,0,90.9,67.9, ,,0,331,,,15.2,2.8,18.2,, ,0,0,,25.1,,,,10/08/2023 5:20:00 PM
,99184   ,463,20.8,+4.2,3.1,14.7, , , ,6.0,1.4,100.0,19.3,25.0,20.1,21.3,15.0,-0.1,0.60,77.0,51.4, ,,0,330,,,20.2,2.8,13.7,, ,0,44.9,,26.6,,,,10/08/2023 5:20:47 PM
,2210726 ,170,15.9,-0.7,2.5,15.6, , , ,5.2,32.9,100.0,14.8,25.0,15.8,16.1,5.0,0.2,0.10,74.3,68.1, ,,0,329,,,16.1,2.7,17.0,, ,0,34.9,,23.4,,,,10/08/2023 5:21:13 PM
,2250202 ,36,14.4,-2.2,1.8,12.6, , , ,3.5,54.7,100.0,13.2,10.0,13.9,13.9,0,-0.5,0,99.6,74.1, ,,0,328,,,13.9,1.8,12.8,, ,0,0,,25.3,,,,10/08/2023 5:21:53 PM
,215095  ,388,18.1,+1.5,2.6,14.2, , , ,5.0,4.3,100.0,16.8,15.0,18.1,18.1,0,0,0,72.3,47.2, ,,0,327,,,18.1,2.8,15.6,, ,0,0,,24.3,,,,10/08/2023 5:23:32 PM
,211063  ,421,18.7,+2.1,3.3,17.6, , , ,6.6,9.6,100.0,17.7,20.0,18.0,20.2,10.0,0.4,1.10,81.1,65.8, ,,0,326,,,18.6,3.9,21.2,, ,0,35.8,,25.9,,,,10/08/2023 5:24:30 PM
,211455  ,62,14.8,-1.8,2.4,16.4, , , ,5.4,50.0,100.0,13.9,25.0,14.2,14.8,0,-0.3,0.30,75.2,65.7, ,,0,325,,,14.7,2.4,16.3,, ,0,32.3,,22.9,,,,10/08/2023 5:25:46 PM
,211935  ,127,15.4,-1.2,2.6,16.9, , , ,4.8,35.0,100.0,14.5,25.0,14.7,15.8,15.0,0.2,0.40,64.1,46.8, ,,0,324,,,15.2,2.5,16.5,, ,0,32.5,,21.9,,,,10/08/2023 5:26:23 PM
,2111927 ,394,18.2,+1.6,3.4,18.7, , , ,6.3,13.6,100.0,17.4,25.0,16.3,19.4,20.0,-0.5,1.50,77.4,54.2, ,,0,323,,,17.5,3.6,20.8,, ,0,40.6,,25.1,,,,10/08/2023 5:27:10 PM
,211790  ,441,19.3,+2.7,3.3,16.9, , , ,6.7,4.6,100.0,18.2,20.0,18.3,20.6,10.0,0.2,1.10,84.7,61.2, ,,0,322,,,18.4,3.3,17.8,, ,0,35.8,,26.8,,,,10/08/2023 5:27:45 PM
,2210727 ,159,15.8,-0.8,2.9,18.6, , , ,6.1,36.2,100.0,15.1,15.0,15.0,15.4,5.0,-0.6,0.20,88.5,60.6, ,,0,321,,,15.1,2.6,17.0,, ,0,0,,25.0,,,,10/08/2023 5:28:38 PM
,211863  ,382,18.0,+1.4,2.7,14.8, , , ,5.0,6.9,100.0,16.8,20.0,18.2,18.3,10.0,0.2,0.10,60.1,47.7, ,,0,320,,,18.2,3.0,16.4,, ,0,34.7,,22.6,,,,10/08/2023 5:29:14 PM
,211493  ,283,16.9,+0.3,2.7,15.8, , , ,5.8,19.9,100.0,15.8,30.0,16.6,17.2,10.0,0.3,0.30,81.1,55.0, ,,0,319,,,17.0,2.8,16.2,, ,0,35.1,,24.8,,,,10/08/2023 5:29:42 PM
,2250296 ,128,15.4,-1.2,2.9,18.9, , , ,5.9,40.2,100.0,14.8,20.0,15.3,15.6,0,0,0.10,65.2,51.3, ,,0,318,,,15.5,2.9,18.9,, ,0,29.8,,22.0,,,,10/08/2023 5:30:23 PM
,2250537 ,132,15.4,-1.2,2.2,14.0, , , ,4.0,30.1,100.0,14.3,15.0,15.4,15.4,0,0,0,105.4,67.4, ,,0,317,,,15.4,2.0,13.3,, ,0,0,,26.7,,,,10/08/2023 5:30:56 PM
,2210160 ,126,15.4,-1.2,2.5,16.5, , , ,5.1,38.0,100.0,14.4,20.0,15.0,15.8,0,0,0.50,68.1,53.1, ,,0,316,,,15.5,2.5,16.0,, ,0,30.7,,22.4,,,,10/08/2023 5:31:27 PM
,229007  ,221,16.3,-0.3,1.9,11.4, , , ,3.6,16.1,100.0,14.8,15.0,16.2,16.2,0,-0.1,0,91.7,64.6, ,,0,315,,,16.2,1.8,11.2,, ,0,0,,25.8,,,,10/08/2023 5:33:02 PM
,2250483 ,134,15.5,-1.1,2.8,18.3, , , ,5.3,39.3,100.0,14.8,35.0,15.3,15.7,25.0,-0.1,0.20,85.5,63.5, ,,0,314,,,15.4,2.9,18.6,, ,0,40.4,,24.5,,,,10/08/2023 5:34:12 PM
,2250638 ,143,15.5,-1.1,2.2,14.1, , , ,4.3,30.6,100.0,14.4,20.0,15.5,15.7,0,0.1,0.10,93.2,77.9, ,,0,313,,,15.6,2.1,13.7,, ,0,31.1,,25.4,,,,10/08/2023 5:34:41 PM
,2250118 ,318,17.3,+0.7,3.0,17.3, , , ,6.2,13.7,100.0,16.4,25.0,16.9,17.4,10.0,-0.1,0.30,89.9,56.9, ,,0,312,,,16.9,2.9,17.4,, ,0,32.8,,26.2,,,,10/08/2023 5:35:22 PM
,2250007 ,64,14.8,-1.8,2.1,13.9, , , ,4.2,50.8,100.0,13.7,20.0,14.9,15.0,10.0,0.1,0.10,95.0,67.8, ,,0,311,,,14.9,2.0,13.5,, ,0,29.0,,25.1,,,,10/08/2023 5:36:05 PM
,211495  ,89,15.2,-1.4,2.4,15.7, , , ,5.1,40.3,100.0,14.2,30.0,14.4,16.0,0,0,0.90,72.1,48.2, ,,0,310,,,16.0,2.5,15.5,, ,0,36.3,,22.7,,,,10/08/2023 5:36:41 PM
,95752   ,442,19.3,+2.7,3.2,16.5, , , ,6.0,4.5,99.4,18.2,20.0,18.0,20.1,0,-0.3,1.00,99.4,72.5, ,,0,309,,,19.8,3.7,18.8,, ,0,37.5,,29.0,,,,10/08/2023 5:37:23 PM
,2210037 ,154,15.7,-0.9,2.8,17.9, , , ,5.8,38.0,100.0,14.9,30.0,15.3,16.6,20.0,0.3,0.50,77.6,60.5, ,,0,308,,,15.5,2.9,18.4,, ,0,36.5,,23.7,,,,10/08/2023 5:37:57 PM
,215558  ,336,17.5,+0.9,2.9,16.3, , , ,6.5,14.4,100.0,16.4,20.0,17.5,18.5,10.0,0.5,0.50,83.6,57.9, ,,0,307,,,17.8,3.4,19.2,, ,0,34.1,,25.5,,,,10/08/2023 5:38:29 PM
,2210747 ,184,16.0,-0.6,1.9,11.8, , , ,4.1,24.8,100.0,14.6,25.0,16.1,16.6,10.0,0.3,0.30,78.3,58.2, ,,0,306,,,16.1,3.8,23.5,, ,0,31.4,,23.9,,,,10/08/2023 5:39:18 PM
,211056  ,305,17.1,+0.5,2.7,16.0, , , ,3.6,9.9,99.4,16.0,15.0,17.0,17.3,0,0,0.20,78.3,55.2, ,,0,305,,,17.2,2.2,12.9,, ,0,0,,24.6,,,,10/08/2023 5:39:48 PM
,211329  ,401,18.3,+1.7,3.1,17.1, , , ,5.1,13.6,100.0,17.2,15.0,17.8,17.8,0,-0.5,0,87.6,47.7, ,,0,304,,,17.8,2.9,16.2,, ,0,0,,26.6,,,,10/08/2023 5:40:31 PM
,211361  ,125,15.4,-1.2,2.1,13.3, , , ,4.2,28.5,100.0,14.2,20.0,15.6,15.9,10.0,0.4,0.20,91.6,55.3, ,,0,303,,,15.7,1.9,12.3,, ,0,30.3,,25.1,,,,10/08/2023 5:41:13 PM
,2250068 ,246,16.5,-0.1,2.8,17.1, , , ,5.5,28.2,100.0,15.6,20.0,16.3,16.3,0,-0.2,0,72.4,42.2, ,,0,302,,,16.3,2.6,15.8,, ,0,32.3,,23.5,,,,10/08/2023 5:41:41 PM
,2250473 ,31,14.4,-2.2,2.5,17.7, , , ,5.3,58.3,100.0,13.7,25.0,13.9,14.6,0,-0.1,0.40,83.8,60.2, ,,0,301,,,14.4,2.6,18.3,, ,0,31.7,,23.6,,,,10/08/2023 5:42:34 PM
,2210216 ,87,15.1,-1.5,2.4,16.1, , , ,5.2,45.1,100.0,14.1,15.0,14.9,15.4,5.0,0,0.30,95.8,70.3, ,,0,300,,,15.1,2.3,15.4,, ,0,0,,25.4,,,,10/08/2023 5:43:16 PM
,211041  ,418,18.6,+2.0,2.9,15.8, , , ,5.4,4.6,100.0,17.4,15.0,18.8,18.8,0,0.2,0,69.9,52.5, ,,0,299,,,18.8,2.7,14.2,, ,0,0,,24.3,,,,10/08/2023 5:43:43 PM
,229080  ,177,15.9,-0.7,2.0,12.4, , , ,4.1,25.5,100.0,14.5,20.0,15.5,15.8,10.0,-0.2,0.20,81.6,61.8, ,,0,298,,,15.6,2.0,12.6,, ,0,30.2,,24.3,,,,10/08/2023 5:44:13 PM
,211071  ,383,18.0,+1.4,3.3,18.2, , , ,7.3,7.5,100.0,17.2,10.0,17.3,17.3,0,-0.7,0,76.6,46.3, ,,0,297,,,17.3,2.7,15.8,, ,0,0,,24.9,,,,10/08/2023 5:44:56 PM
,6294    ,109,15.3,-1.3,2.7,17.9, , , ,5.6,47.7,100.0,14.5,25.0,14.4,15.5,10.0,-0.2,0.40,77.8,55.8, ,,0,296,,,14.9,2.6,17.2,, ,0,28.9,,23.4,,,,10/08/2023 5:45:20 PM
,211396  ,412,18.6,+2.0,2.9,15.5, , , ,4.4,6.1,99.1,17.3,20.0,18.3,19.0,10.0,0,0.30,79.2,58.4, ,,0,295,,,18.3,2.6,14.1,, ,0,35.1,,25.6,,,,10/08/2023 5:45:52 PM
,215291  ,451,19.8,+3.2,3.1,15.4, , , ,6.5,2.8,100.0,18.5,15.0,19.1,21.1,0,0.3,1.20,60.2,45.4, ,,0,294,,,20.4,2.9,14.1,, ,0,0,,23.5,,,,10/08/2023 5:46:24 PM
,2210560 ,42,14.5,-2.1,2.4,16.3, , , ,4.9,52.9,100.0,13.6,15.0,14.4,14.5,5.0,-0.1,0.10,78.7,51.8, ,,0,293,,,14.4,2.0,13.7,, ,0,0,,23.1,,,,10/08/2023 5:47:02 PM
,61071   ,353,17.6,+1.0,2.9,16.8, , , ,5.4,15.4,100.0,16.5,15.0,17.5,17.5,0,-0.1,0,70.3,55.6, ,,0,292,,,17.5,2.9,16.6,, ,0,0,,23.8,,,,10/08/2023 5:47:32 PM
,211451  ,264,16.7,+0.1,2.7,16.1, , , ,5.4,18.6,100.0,15.7,25.0,16.3,17.4,0,0,0.50,69.6,47.9, ,,0,291,,,17.3,2.8,16.2,, ,0,36.4,,23.2,,,,10/08/2023 5:48:09 PM
,99169   ,387,18.1,+1.5,2.1,11.6, , , ,4.3,2.5,100.0,16.5,15.0,18.1,18.2,0,0,0.10,75.7,61.0, ,,0,290,,,18.2,2.2,12.0,, ,0,0,,24.8,,,,10/08/2023 5:48:46 PM
,2250226 ,238,16.5,-0.1,2.5,15.1, , , ,5.0,20.7,100.0,15.3,20.0,16.4,16.6,10.0,0,0.10,86.3,53.3, ,,0,289,,,16.4,2.5,15.3,, ,0,31.6,,25.2,,,,10/08/2023 5:49:14 PM
,215185  ,419,18.7,+2.1,2.6,14.0, , , ,5.8,3.4,100.0,17.3,25.0,19.0,19.6,15.0,0.6,0.30,107.1,68.1, ,,0,288,,,19.1,3.2,16.7,, ,0,42.5,,29.6,,,,10/08/2023 5:49:42 PM
,2210518 ,33,14.4,-2.2,1.9,13.3, , , ,3.6,53.4,100.0,13.2,20.0,14.4,15.0,10.0,0.3,0.30,77.0,56.8, ,,0,287,,,14.5,1.9,13.4,, ,0,28.4,,22.8,,,,10/08/2023 5:50:11 PM
,4183    ,286,16.9,+0.3,3.0,17.9, , , ,6.5,21.3,100.0,16.0,25.0,16.2,17.1,5.0,-0.1,0.40,62.5,52.2, ,,0,286,,,16.9,3.0,17.6,, ,0,35.9,,22.4,,,,10/08/2023 5:50:47 PM
,211763  ,198,16.1,-0.5,2.7,16.7, , , ,5.3,28.3,100.0,15.2,30.0,15.2,17.8,20.0,0.4,1.10,73.9,46.8, ,,0,285,,,15.2,2.4,15.7,, ,0,36.7,,23.4,,,,10/08/2023 5:53:06 PM
,2250448 ,200,16.1,-0.5,3.7,22.7, , , ,7.1,37.3,100.0,15.9,25.0,15.0,18.4,15.0,0.2,1.50,80.1,58.6, ,,0,284,,,15.4,3.8,24.8,, ,0,37.4,,24.2,,,,10/08/2023 5:55:09 PM
,211241  ,242,16.5,-0.1,2.3,14.0, , , ,4.4,16.5,100.0,15.3,20.0,16.0,16.7,10.0,-0.1,0.30,79.5,54.2, ,,0,283,,,16.4,2.4,14.8,, ,0,31.3,,24.4,,,,10/08/2023 5:56:38 PM
,215401  ,314,17.2,+0.6,2.4,13.7, , , ,4.5,10.0,100.0,15.9,20.0,16.8,17.5,5.0,0,0.40,78.4,63.4, ,,0,282,,,17.3,2.4,13.9,, ,0,33.8,,24.6,,,,10/08/2023 5:57:12 PM
,2250740 ,284,16.9,+0.3,2.8,16.5, , , ,5.3,19.7,100.0,15.9,25.0,15.2,17.9,20.0,-0.3,1.40,95.2,69.9, ,,0,281,,,16.0,2.7,17.0,, ,0,38.3,,26.6,,,,10/08/2023 5:57:44 PM
,2210099 ,207,16.2,-0.4,2.8,17.3, , , ,5.6,30.1,100.0,15.3,35.0,15.5,16.8,20.0,-0.1,0.60,76.5,54.7, ,,0,280,,,15.6,2.7,17.5,, ,0,37.9,,23.8,,,,10/08/2023 5:58:49 PM
,2250626 ,181,16.0,-0.6,2.5,15.6, , , ,4.9,32.2,100.0,14.9,25.0,15.7,16.1,5.0,0,0.20,81.8,55.1, ,,0,279,,,16.0,2.9,17.9,, ,0,34.7,,24.3,,,,10/08/2023 6:00:04 PM
,2210019 ,34,14.4,-2.2,2.5,17.2, , , ,4.4,53.2,100.0,13.6,15.0,14.0,14.2,5.0,-0.3,0.10,75.7,68.9, ,,0,278,,,14.1,2.5,17.7,, ,0,0,,22.7,,,,10/08/2023 6:01:02 PM
,2250186 ,83,15.1,-1.5,2.9,19.0, , , ,5.9,44.4,100.0,14.5,20.0,15.4,15.9,10.0,0.4,0.20,83.0,60.2, ,,0,277,,,15.5,2.8,17.8,, ,0,30.1,,23.9,,,,10/08/2023 6:01:29 PM
,4058    ,292,17.0,+0.4,3.0,17.7, , , ,5.9,21.5,100.0,16.1,25.0,15.8,17.8,15.0,-0.2,1.00,76.9,58.5, ,,0,276,,,16.4,4.7,28.8,, ,0,38.3,,24.3,,,,10/08/2023 6:02:01 PM
,2210536 ,162,15.8,-0.8,2.9,18.2, , , ,5.5,34.9,100.0,15.0,25.0,14.4,16.7,15.0,-0.3,1.10,73.9,62.9, ,,0,275,,,14.8,2.8,18.9,, ,0,36.0,,23.3,,,,10/08/2023 6:03:32 PM
,219153  ,178,15.9,-0.7,3.4,21.1, , , ,7.2,40.0,100.0,15.5,35.0,15.6,16.8,10.0,0.7,0.50,88.9,64.7, ,,0,274,,,16.3,4.7,28.6,, ,0,36.8,,25.1,,,,10/08/2023 6:04:10 PM
,211198  ,290,17.0,+0.4,3.0,17.7, , , ,5.7,20.2,100.0,16.2,25.0,16.1,17.8,15.0,-0.1,0.90,55.3,42.5, ,,0,273,,,16.7,3.1,18.6,, ,0,38.8,,21.5,,,,10/08/2023 6:04:44 PM
,229102  ,158,15.7,-0.9,3.0,19.4, , , ,5.6,36.0,100.0,15.1,20.0,15.4,15.9,10.0,0,0.30,93.1,55.8, ,,0,272,,,15.5,3.6,23.1,, ,0,30.1,,25.5,,,,10/08/2023 6:05:22 PM
,215796  ,319,17.3,+0.7,3.2,18.4, , , ,5.6,18.1,100.0,16.5,25.0,16.2,18.1,0,-0.2,1.00,70.9,51.0, ,,0,271,,,18.0,3.0,16.8,, ,0,37.2,,23.7,,,,10/08/2023 6:06:00 PM
,2210828 ,270,16.7,+0.1,2.5,15.3, , , ,5.2,18.1,100.0,15.5,25.0,15.7,17.6,5.0,0,0.80,74.2,59.2, ,,0,270,,,16.9,2.4,14.4,, ,0,35.7,,23.8,,,,10/08/2023 6:06:32 PM
,211138  ,199,16.1,-0.5,3.7,23.0, , , ,8.0,37.3,100.0,15.9,20.0,15.8,16.5,0,0,0.30,69.8,52.2, ,,0,269,,,16.4,3.9,24.0,, ,0,32.1,,22.9,,,,10/08/2023 6:07:15 PM
,2250072 ,263,16.7,+0.1,2.1,12.7, , , ,4.3,14.3,100.0,15.3,10.0,16.3,17.2,0,0,0.60,88.1,61.9, ,,0,268,,,16.8,2.1,12.6,, ,0,0,,25.6,,,,10/08/2023 6:07:49 PM
,2250743 ,9,13.4,-3.2,2.5,18.6, , , ,5.2,70.2,100.0,12.8,15.0,13.6,13.7,0,0.3,0.10,101.9,73.8, ,,0,267,,,13.7,3.0,21.8,, ,0,0,,24.8,,,,10/08/2023 6:08:20 PM
,211306  ,203,16.2,-0.4,2.4,14.9, , , ,4.8,26.1,100.0,15.1,20.0,15.2,17.1,10.0,-0.1,0.90,71.4,45.4, ,,0,266,,,15.7,2.5,16.0,, ,0,30.7,,23.2,,,,10/08/2023 6:09:03 PM
,215535  ,411,18.5,+1.9,2.7,14.8, , , ,5.1,8.3,100.0,17.2,15.0,18.3,18.6,0,-0.1,0.20,82.2,50.0, ,,0,265,,,18.5,2.9,15.6,, ,0,0,,26.0,,,,10/08/2023 6:09:32 PM
,229140  ,230,16.4,-0.2,3.2,19.5, , , ,6.3,33.0,100.0,15.7,20.0,15.4,17.0,15.0,-0.2,0.90,77.1,54.5, ,,0,264,,,16.0,3.2,20.0,, ,0,34.9,,24.0,,,,10/08/2023 6:10:19 PM
,211093  ,210,16.2,-0.4,2.2,13.4, , , ,4.7,21.2,100.0,14.9,20.0,16.0,16.6,10.0,0.1,0.30,74.9,54.9, ,,0,263,,,16.2,2.6,15.9,, ,0,31.2,,23.6,,,,10/08/2023 6:10:58 PM
,229100  ,193,16.1,-0.5,2.3,14.2, , , ,4.5,25.1,100.0,14.9,30.0,15.8,17.2,5.0,0.4,0.50,84.0,62.4, ,,0,262,,,15.9,2.9,18.5,, ,0,39.1,,24.7,,,,10/08/2023 6:11:57 PM
,2210175 ,288,16.9,+0.3,2.8,16.8, , , ,5.6,20.0,100.0,15.9,10.0,16.6,16.6,0,-0.3,0,87.3,58.4, ,,0,261,,,16.6,2.8,16.9,, ,0,0,,25.6,,,,10/08/2023 6:13:19 PM
,211814  ,404,18.3,+1.7,2.7,15.0, , , ,4.6,7.6,100.0,17.0,20.0,17.7,18.1,10.0,-0.4,0.20,78.8,57.5, ,,0,260,,,17.9,2.6,14.5,, ,0,34.1,,25.4,,,,10/08/2023 6:13:45 PM
,2250221 ,25,14.3,-2.3,2.5,17.3, , , ,4.9,61.0,100.0,13.5,25.0,14.3,14.9,15.0,0.3,0.30,91.7,59.0, ,,0,259,,,14.3,3.3,23.3,, ,0,34.3,,24.4,,,,10/08/2023 6:14:25 PM
,215248  ,459,20.3,+3.7,4.1,20.3, , , ,8.4,3.4,97.9,19.6,15.0,19.6,21.4,0,0.2,1.00,81.9,56.1, ,,0,258,,,20.4,4.1,20.1,, ,0,0,,27.0,,,,10/08/2023 6:15:04 PM
,211564  ,351,17.6,+1.0,3.1,17.3, , , ,6.1,16.9,100.0,16.7,20.0,17.1,18.2,5.0,0,0.60,87.6,61.9, ,,0,257,,,17.9,3.1,17.5,, ,0,34.6,,26.1,,,,10/08/2023 6:15:42 PM
,2210364 ,224,16.4,-0.2,2.6,16.1, , , ,4.8,24.4,100.0,15.3,10.0,16.8,16.8,0,0.4,0,65.3,51.5, ,,0,256,,,16.8,2.5,15.0,, ,0,0,,22.5,,,,10/08/2023 6:16:16 PM
,2210444 ,222,16.4,-0.2,3.0,18.2, , , ,5.9,30.6,100.0,15.6,35.0,16.1,16.9,0,-0.1,0.30,79.2,55.6, ,,0,255,,,16.5,2.8,17.0,, ,0,41.1,,24.3,,,,10/08/2023 6:16:46 PM
,2210847 ,98,15.2,-1.4,1.9,12.6, , , ,4.1,35.9,100.0,13.9,35.0,14.8,15.7,25.0,0.1,0.40,62.4,52.8, ,,0,254,,,14.9,1.7,11.6,, ,0,39.9,,21.6,,,,10/08/2023 6:17:17 PM
,229203  ,77,14.9,-1.7,2.5,16.4, , , ,5.4,47.8,100.0,14.0,20.0,14.4,15.6,0,0.1,0.50,70.7,51.2, ,,0,253,,,15.0,2.6,17.2,, ,0,29.8,,22.4,,,,10/08/2023 6:17:47 PM
,229166  ,232,16.4,-0.2,2.9,18.0, , , ,5.3,24.2,100.0,15.6,25.0,16.2,16.7,10.0,0.1,0.20,85.1,75.3, ,,0,252,,,16.2,2.6,15.7,, ,0,31.4,,25.0,,,,10/08/2023 6:18:20 PM
,211346  ,163,15.8,-0.8,2.7,16.9, , , ,5.5,26.4,99.3,14.9,15.0,15.1,15.6,0,-0.5,0.30,68.2,41.0, ,,0,251,,,15.5,2.4,15.3,, ,0,0,,22.6,,,,10/08/2023 6:19:05 PM
,2210542 ,110,15.3,-1.3,2.9,18.9, , , ,6.0,42.3,100.0,14.7,30.0,14.5,16.6,20.0,0.2,1.00,76.8,53.5, ,,0,250,,,14.6,2.9,19.6,, ,0,35.8,,23.3,,,,10/08/2023 6:19:31 PM
,211369  ,434,19.1,+2.5,3.2,16.9, , , ,6.4,5.3,99.0,17.9,15.0,17.9,19.8,5.0,-0.3,1.10,80.4,55.2, ,,0,249,,,18.6,3.2,17.1,, ,0,0,,26.1,,,,10/08/2023 6:20:02 PM
,2250416 ,113,15.3,-1.3,3.1,20.2, , , ,6.5,44.1,100.0,14.8,15.0,15.0,15.4,0,-0.1,0.20,94.5,59.2, ,,0,248,,,15.2,3.1,20.3,, ,0,0,,25.4,,,,10/08/2023 6:20:31 PM
,2210067 ,6,13.3,-3.3,2.4,17.9, , , ,4.8,71.1,100.0,12.6,35.0,12.7,13.7,0,-0.1,0.40,88.3,66.9, ,,0,247,,,13.5,2.4,18.0,, ,0,35.3,,23.3,,,,10/08/2023 6:21:02 PM
,215177  ,417,18.6,+2.0,3.4,18.2, , , ,7.4,9.0,98.5,17.7,15.0,18.6,18.6,0,0,0,83.6,59.2, ,,0,246,,,18.6,2.8,15.2,, ,0,0,,26.2,,,,10/08/2023 6:21:33 PM
,2210039 ,195,16.1,-0.5,2.5,15.7, , , ,4.9,29.4,100.0,15.1,15.0,16.2,16.2,0,0.1,0,87.6,57.7, ,,0,245,,,16.2,2.5,15.7,, ,0,0,,25.1,,,,10/08/2023 6:22:04 PM
,211421  ,147,15.6,-1.0,2.7,17.6, , , ,5.3,35.3,100.0,14.8,20.0,15.6,15.6,0,0,0,78.9,50.4, ,,0,244,,,15.6,3.2,20.7,, ,0,31.1,,23.8,,,,10/08/2023 6:22:56 PM
,215546  ,448,19.5,+2.9,3.6,18.6, , , ,7.8,4.6,99.0,18.6,15.0,20.2,20.2,0,0.7,0,65.2,54.0, ,,0,243,,,20.2,3.6,17.7,, ,0,0,,24.1,,,,10/08/2023 6:23:55 PM
,2210501 ,118,15.4,-1.2,2.5,16.3, , , ,5.6,39.4,100.0,14.4,10.0,15.7,15.9,0,0.4,0.10,74.4,61.3, ,,0,242,,,15.8,2.4,14.9,, ,0,0,,23.1,,,,10/08/2023 6:24:40 PM
,95551   ,466,22.1,+5.5,2.9,13.2, , , ,5.9,0,100.0,20.3,15.0,22.1,22.3,5.0,0.1,0.10,110.0,59.0, ,,0,241,,,22.2,3.9,17.7,, ,0,0,,32.9,,,,10/08/2023 6:25:24 PM
,211294  ,293,17.0,+0.4,2.5,14.8, , , ,4.8,13.8,100.0,15.8,15.0,17.2,17.2,0,0.2,0,69.2,53.1, ,,0,240,,,17.2,2.4,14.0,, ,0,0,,23.3,,,,10/08/2023 6:25:59 PM
,2210680 ,175,15.9,-0.7,2.5,15.5, , , ,4.8,29.7,100.0,14.8,15.0,16.1,16.3,5.0,0.3,0.10,68.0,49.9, ,,0,239,,,16.2,3.1,19.1,, ,0,0,,22.6,,,,10/08/2023 6:26:29 PM
,2250233 ,54,14.7,-1.9,2.2,14.8, , , ,4.6,48.0,100.0,13.7,15.0,14.4,14.7,5.0,0,0.20,83.6,56.7, ,,0,238,,,14.6,2.2,15.3,, ,0,0,,23.7,,,,10/08/2023 6:26:56 PM
,211147  ,332,17.4,+0.8,2.8,16.4, , , ,5.0,13.1,100.0,16.3,20.0,17.5,17.7,10.0,0.2,0.10,77.2,60.2, ,,0,237,,,17.6,3.6,20.7,, ,0,33.5,,24.6,,,,10/08/2023 6:27:19 PM
,211807  ,340,17.5,+0.9,2.3,13.0, , , ,4.4,7.7,100.0,16.1,15.0,17.5,17.7,0,0.1,0.10,90.5,53.1, ,,0,236,,,17.6,2.3,13.2,, ,0,0,,26.4,,,,10/08/2023 6:27:48 PM
,211201  ,161,15.8,-0.8,2.6,16.5, , , ,5.8,35.4,100.0,14.8,10.0,16.0,16.0,0,0.2,0,92.7,58.1, ,,0,235,,,16.0,2.3,14.5,, ,0,0,,25.5,,,,10/08/2023 6:28:14 PM
,211491  ,289,16.9,+0.3,2.5,14.8, , , ,5.5,13.4,100.0,15.7,35.0,16.5,17.3,5.0,-0.1,0.30,88.6,59.5, ,,0,234,,,17.2,3.0,17.4,, ,0,41.7,,25.8,,,,10/08/2023 6:28:40 PM
,2210529 ,15,13.8,-2.8,1.9,13.8, , , ,3.8,71.2,100.0,12.7,15.0,13.5,13.8,0,-0.2,0.20,110.2,65.1, ,,0,233,,,13.7,1.8,13.2,, ,0,0,,26.0,,,,10/08/2023 6:29:07 PM
,2250546 ,216,16.3,-0.3,2.7,16.7, , , ,5.3,29.0,100.0,15.3,40.0,15.5,17.3,15.0,0.3,0.70,79.5,61.1, ,,0,232,,,16.1,3.0,18.5,, ,0,38.3,,24.2,,,,10/08/2023 6:29:41 PM
,2210336 ,50,14.7,-1.9,2.8,19.2, , , ,6.0,50.5,100.0,14.1,25.0,14.6,15.1,15.0,0.2,0.30,108.3,84.6, ,,0,231,,,14.6,2.8,19.4,, ,0,34.8,,26.5,,,,10/08/2023 6:30:09 PM
,2250129 ,157,15.7,-0.9,2.5,15.8, , , ,5.3,34.6,100.0,14.7,20.0,15.7,16.0,0,0.2,0.20,99.5,59.5, ,,0,230,,,15.9,2.4,15.2,, ,0,31.5,,26.3,,,,10/08/2023 6:30:35 PM
,211195  ,325,17.3,+0.7,2.7,15.6, , , ,4.7,13.3,100.0,16.1,15.0,17.3,17.4,0,0.1,0.10,72.4,49.1, ,,0,229,,,17.4,2.6,14.9,, ,0,0,,23.9,,,,10/08/2023 6:31:23 PM
,211068  ,167,15.8,-0.8,2.2,13.7, , , ,4.5,25.2,100.0,14.6,15.0,15.8,16.2,5.0,0.2,0.20,71.3,58.3, ,,0,228,,,15.9,2.1,13.2,, ,0,0,,23.0,,,,10/08/2023 6:31:50 PM
,2250024 ,20,14.2,-2.4,3.4,24.1, , , ,7.0,56.7,100.0,14.3,15.0,14.3,14.3,0,0.1,0,109.0,82.9, ,,0,227,,,14.3,3.2,22.5,, ,0,0,,26.2,,,,10/08/2023 6:32:23 PM
,2210748 ,38,14.5,-2.1,2.2,15.1, , , ,4.6,51.0,100.0,13.5,15.0,14.6,14.7,0,0.2,0.10,77.9,56.0, ,,0,226,,,14.7,2.2,15.0,, ,0,0,,23.0,,,,10/08/2023 6:32:53 PM
,211885  ,437,19.2,+2.6,2.9,15.1, , , ,4.8,5.8,100.0,17.9,20.0,19.1,19.4,0,0,0.20,71.7,46.4, ,,0,225,,,19.3,2.7,13.9,, ,0,37.4,,24.9,,,,10/08/2023 6:33:40 PM
,2250287 ,160,15.8,-0.8,3.3,20.7, , , ,6.5,40.5,100.0,15.3,10.0,14.2,14.3,5.0,-1.6,0.10,86.2,65.1, ,,0,224,,,14.3,2.5,17.9,, ,0,0,,24.8,,,,10/08/2023 6:34:30 PM
,2210016 ,35,14.4,-2.2,2.8,19.7, , , ,6.1,60.1,100.0,13.9,20.0,14.4,15.4,0,0.3,0.40,85.8,53.2, ,,0,223,,,15.2,3.5,23.0,, ,0,30.0,,23.8,,,,10/08/2023 6:35:06 PM
,229044  ,46,14.6,-2.0,2.4,16.4, , , ,3.9,51.9,100.0,13.7,15.0,14.6,14.6,0,0,0,104.3,54.2, ,,0,222,,,14.6,2.0,13.9,, ,0,0,,26.0,,,,10/08/2023 6:35:42 PM
,2250078 ,66,14.8,-1.8,2.3,15.7, , , ,5.2,49.1,100.0,13.9,35.0,14.4,15.6,15.0,0.4,0.50,98.6,71.7, ,,0,221,,,14.7,2.4,16.6,, ,0,33.8,,25.5,,,,10/08/2023 6:36:23 PM
,211928  ,397,18.2,+1.6,2.4,13.4, , , ,4.8,4.0,100.0,16.7,15.0,17.8,19.5,0,0.4,1.00,72.3,56.2, ,,0,220,,,18.8,3.0,16.2,, ,0,0,,24.4,,,,10/08/2023 6:37:00 PM
,2250201 ,169,15.9,-0.7,2.5,15.7, , , ,5.3,28.4,100.0,14.8,20.0,15.6,16.6,10.0,0.2,0.50,83.3,64.7, ,,0,219,,,15.8,2.1,13.4,, ,0,30.8,,24.5,,,,10/08/2023 6:37:47 PM
,229041  ,123,15.4,-1.2,2.7,17.3, , , ,5.6,38.8,100.0,14.5,25.0,15.0,15.9,0,0.1,0.40,73.6,53.5, ,,0,218,,,15.7,3.0,19.3,, ,0,34.1,,23.0,,,,11/08/2023 2:34:13 PM
,5240    ,426,18.8,+2.2,3.1,16.4, , , ,6.0,5.3,99.6,17.6,15.0,18.7,19.2,5.0,0.2,0.30,81.0,60.2, ,,0,217,,,18.9,3.0,15.7,, ,0,0,,26.0,,,,11/08/2023 2:34:43 PM
,219147  ,423,18.8,+2.2,2.7,14.6, , , ,5.1,1.6,100.0,17.4,15.0,18.8,18.8,0,0,0,106.7,89.8, ,,0,216,,,18.8,2.8,15.1,, ,0,0,,29.6,,,,11/08/2023 2:35:10 PM
,2250573 ,174,15.9,-0.7,2.8,17.4, , , ,5.1,30.7,100.0,15.0,10.0,16.2,16.2,0,0.3,0,136.0,78.5, ,,0,215,,,16.2,2.5,15.7,, ,0,0,,30.8,,,,11/08/2023 2:35:54 PM
,215386  ,299,17.1,+0.5,2.9,17.0, , , ,5.7,14.8,100.0,16.1,25.0,17.0,17.6,10.0,0.4,0.20,89.7,53.1, ,,0,214,,,17.3,3.5,20.2,, ,0,33.2,,26.1,,,,11/08/2023 2:36:27 PM
,2250427 ,96,15.2,-1.4,3.0,19.8, , , ,5.8,44.8,100.0,14.6,10.0,15.3,15.3,0,0.1,0,88.0,71.0, ,,0,213,,,15.3,2.7,17.6,, ,0,0,,24.6,,,,11/08/2023 2:37:04 PM
,2210065 ,61,14.8,-1.8,2.5,17.0, , , ,5.0,51.4,100.0,13.9,10.0,14.7,14.8,5.0,-0.1,0.10,80.4,52.0, ,,0,212,,,14.8,2.6,17.7,, ,0,0,,23.4,,,,11/08/2023 2:37:49 PM
,2250527 ,390,18.1,+1.5,2.4,13.5, , , ,5.3,3.8,100.0,16.6,25.0,18.0,18.2,0,0,0.10,73.1,60.5, ,,0,211,,,18.2,3.1,17.3,, ,0,38.6,,24.5,,,,11/08/2023 2:38:25 PM
,2210342 ,136,15.5,-1.1,2.5,16.3, , , ,4.7,34.7,100.0,14.6,15.0,15.1,15.9,10.0,0,0.40,69.0,52.9, ,,0,210,,,15.4,2.5,16.5,, ,0,0,,22.5,,,,11/08/2023 2:38:53 PM
,2250110 ,92,15.2,-1.4,3.7,24.2, , , ,6.4,48.2,99.3,15.2,20.0,14.8,15.8,15.0,0.1,0.50,83.0,69.9, ,,0,209,,,15.2,3.8,25.1,, ,0,33.4,,24.0,,,,11/08/2023 2:39:31 PM
,221055  ,291,17.0,+0.4,2.7,15.9, , , ,5.2,16.5,100.0,15.9,25.0,15.9,17.8,0,-0.4,0.70,80.6,67.6, ,,0,208,,,17.4,2.5,14.2,, ,0,36.8,,24.8,,,,11/08/2023 2:40:02 PM
,211686  ,300,17.1,+0.5,3.7,21.6, , , ,7.8,28.6,100.0,16.7,30.0,15.6,17.7,15.0,-0.1,0.90,82.1,57.9, ,,0,207,,,16.8,3.0,17.8,, ,0,33.4,,25.1,,,,11/08/2023 2:40:30 PM
,2250640 ,285,16.9,+0.3,2.8,16.7, , , ,5.6,21.8,100.0,15.9,20.0,16.3,17.7,5.0,0.3,0.60,81.6,65.1, ,,0,206,,,16.5,2.7,16.6,, ,0,29.4,,24.9,,,,11/08/2023 2:40:59 PM
,2250435 ,95,15.2,-1.4,2.9,19.0, , , ,5.5,40.2,100.0,14.5,25.0,14.2,16.4,0,0.1,1.10,66.9,52.5, ,,0,205,,,16.1,2.4,15.1,, ,0,33.8,,22.1,,,,11/08/2023 2:42:49 PM
,215373  ,371,17.8,+1.2,2.9,16.4, , , ,6.9,10.5,99.7,16.7,20.0,17.3,19.0,5.0,0.6,0.80,74.0,55.4, ,,0,204,,,17.6,3.3,19.0,, ,0,31.3,,24.4,,,,11/08/2023 2:43:54 PM
,2250122 ,101,15.3,-1.3,2.5,16.5, , , ,4.5,40.4,100.0,14.3,25.0,14.3,16.0,0,-0.2,0.80,88.5,64.9, ,,0,203,,,15.9,2.4,15.3,, ,0,33.6,,24.7,,,,11/08/2023 2:45:20 PM
,99138   ,385,18.1,+1.5,2.3,12.5, , , ,4.4,3.8,100.0,16.6,20.0,17.6,18.0,0,-0.3,0.20,63.7,56.1, ,,0,202,,,17.8,1.6,8.9,, ,0,34.9,,23.2,,,,11/08/2023 2:45:39 PM
,2210654 ,226,16.4,-0.2,2.8,16.9, , , ,6.0,25.1,100.0,15.5,20.0,16.1,17.8,10.0,0.6,0.80,97.4,63.8, ,,0,201,,,16.2,2.9,17.6,, ,0,31.8,,26.5,,,,11/08/2023 2:46:02 PM
,211295  ,53,14.7,-1.9,3.3,22.2, , , ,6.0,51.2,100.0,14.4,25.0,13.6,15.4,0,-0.2,0.70,82.6,48.2, ,,0,200,,,14.6,3.0,20.6,, ,0,31.8,,23.6,,,,11/08/2023 2:46:38 PM
,2250518 ,106,15.3,-1.3,2.1,13.8, , , ,4.4,37.2,100.0,14.1,15.0,15.4,15.7,0,0.2,0.20,111.1,77.5, ,,0,199,,,15.6,2.2,14.2,, ,0,0,,27.3,,,,11/08/2023 2:47:02 PM
,2250061 ,52,14.7,-1.9,2.2,14.7, , , ,4.0,51.3,100.0,13.7,15.0,14.9,15.0,5.0,0.3,0.10,79.3,56.2, ,,0,198,,,14.9,2.2,14.8,, ,0,0,,23.3,,,,11/08/2023 2:47:39 PM
,211109  ,358,17.7,+1.1,3.4,19.2, , , ,7.0,16.2,100.0,16.9,40.0,17.0,18.6,15.0,0.2,0.70,73.4,54.0, ,,0,197,,,17.3,3.7,21.3,, ,0,39.4,,24.3,,,,11/08/2023 2:48:13 PM
,229035  ,144,15.5,-1.1,2.4,15.6, , , ,4.5,44.0,100.0,14.4,20.0,15.8,15.8,0,0.3,0,111.5,90.2, ,,0,196,,,15.8,3.0,19.2,, ,0,31.4,,27.5,,,,11/08/2023 2:48:38 PM
,215168  ,406,18.4,+1.8,3.1,16.9, , , ,6.1,9.0,99.7,17.3,25.0,17.6,19.5,15.0,0.3,0.80,71.2,50.1, ,,0,195,,,17.7,3.2,17.9,, ,0,37.7,,24.4,,,,11/08/2023 2:49:23 PM
,221077  ,30,14.4,-2.2,2.1,14.3, , , ,4.2,50.9,100.0,13.3,15.0,14.4,14.4,0,0,0,93.4,47.0, ,,0,194,,,14.4,1.9,13.2,, ,0,0,,24.6,,,,11/08/2023 2:49:51 PM
,2250601 ,150,15.7,-0.9,2.2,13.9, , , ,4.5,28.6,100.0,14.5,20.0,15.1,15.8,5.0,-0.1,0.30,84.2,46.1, ,,0,193,,,15.3,2.1,14.1,, ,0,27.0,,24.4,,,,11/08/2023 2:50:19 PM
,2250146 ,321,17.3,+0.7,3.4,19.5, , , ,6.4,23.2,100.0,16.6,25.0,16.7,17.5,15.0,-0.2,0.40,74.5,47.3, ,,0,192,,,16.9,3.5,21.0,, ,0,38.8,,24.2,,,,11/08/2023 2:50:56 PM
,215696  ,391,18.1,+1.5,3.5,19.2, , , ,6.6,13.1,99.7,17.4,25.0,17.8,19.6,15.0,0.6,0.70,91.9,64.3, ,,0,191,,,18.2,3.5,19.1,, ,0,41.1,,27.0,,,,11/08/2023 2:51:23 PM
,2210781 ,72,14.9,-1.7,2.6,17.6, , , ,4.9,47.4,100.0,14.1,20.0,14.8,14.9,0,0,0.10,128.2,76.9, ,,0,190,,,14.9,2.4,15.8,, ,0,29.8,,28.9,,,,11/08/2023 2:51:45 PM
,211890  ,274,16.8,+0.2,2.6,15.6, , , ,5.3,18.9,100.0,15.7,20.0,16.2,17.5,10.0,-0.1,0.70,79.7,61.2, ,,0,189,,,16.6,2.9,17.5,, ,0,32.1,,24.6,,,,11/08/2023 2:52:05 PM
,219168  ,236,16.5,-0.1,2.5,15.5, , , ,5.3,20.9,100.0,15.3,20.0,16.4,16.9,0,0.1,0.20,94.7,57.4, ,,0,188,,,16.7,2.9,17.6,, ,0,32.9,,26.3,,,,11/08/2023 2:52:45 PM
,229125  ,204,16.2,-0.4,2.5,15.3, , , ,4.7,28.7,100.0,15.1,25.0,15.5,16.7,10.0,0.1,0.50,76.1,55.5, ,,0,187,,,16.3,2.7,16.4,, ,0,31.1,,23.8,,,,11/08/2023 2:53:32 PM
,99186   ,324,17.3,+0.7,2.3,13.4, , , ,4.8,7.8,100.0,15.9,20.0,16.9,17.8,5.0,0.1,0.40,57.9,39.1, ,,0,186,,,17.0,2.4,14.0,, ,0,30.1,,22.0,,,,11/08/2023 2:53:53 PM
,2250216 ,196,16.1,-0.5,2.5,15.3, , , ,4.8,26.6,100.0,15.0,10.0,16.2,16.6,5.0,0.3,0.30,79.9,55.9, ,,0,185,,,16.4,2.5,15.4,, ,0,0,,24.2,,,,11/08/2023 2:54:29 PM
,215331  ,398,18.2,+1.6,3.4,18.8, , , ,5.8,12.0,100.0,17.4,15.0,18.4,18.4,0,0.2,0,118.8,65.8, ,,0,184,,,18.4,3.6,19.7,, ,0,0,,30.8,,,,11/08/2023 2:54:56 PM
,211406  ,367,17.8,+1.2,2.4,13.5, , , ,4.1,7.9,100.0,16.4,15.0,17.7,17.7,0,-0.1,0,91.7,66.2, ,,0,183,,,17.7,2.4,13.7,, ,0,0,,26.8,,,,11/08/2023 2:55:28 PM
,211780  ,258,16.7,+0.1,2.5,15.1, , , ,5.2,17.2,100.0,15.5,20.0,17.0,17.2,10.0,0.3,0.10,84.3,60.8, ,,0,182,,,17.1,2.5,14.9,, ,0,32.6,,25.1,,,,11/08/2023 2:56:00 PM
,211286  ,302,17.1,+0.5,4.0,23.4, , , ,8.9,26.1,100.0,17.1,25.0,17.2,17.6,10.0,0.3,0.20,58.8,49.9, ,,0,181,,,17.2,4.6,26.7,, ,0,33.2,,22.0,,,,11/08/2023 2:56:26 PM
,211797  ,213,16.3,-0.3,3.2,19.8, , , ,5.7,30.1,100.0,15.7,20.0,15.1,17.0,10.0,-0.2,1.10,75.0,53.1, ,,0,180,,,15.8,3.1,19.5,, ,0,30.9,,23.7,,,,11/08/2023 2:56:45 PM
,211102  ,410,18.5,+1.9,2.8,15.0, , , ,5.5,6.8,100.0,17.2,20.0,18.3,19.0,10.0,0.2,0.40,92.8,62.3, ,,0,179,,,18.5,2.5,13.7,, ,0,35.4,,27.4,,,,11/08/2023 2:57:06 PM
,2210107 ,59,14.8,-1.8,2.8,18.8, , , ,6.2,50.7,100.0,14.1,20.0,14.2,15.0,5.0,-0.1,0.30,81.7,65.6, ,,0,178,,,14.3,2.7,19.1,, ,0,25.5,,23.6,,,,11/08/2023 2:57:29 PM
,2250065 ,14,13.7,-2.9,2.8,20.8, , , ,6.2,67.6,100.0,13.3,20.0,12.6,14.3,10.0,-0.2,0.80,75.1,48.5, ,,0,177,,,12.9,2.5,19.3,, ,0,26.1,,22.2,,,,11/08/2023 2:57:56 PM
,2250113 ,85,15.1,-1.5,2.6,17.3, , , ,5.9,40.6,100.0,14.3,15.0,15.4,15.4,0,0.3,0,83.9,56.5, ,,0,176,,,15.4,4.6,30.0,, ,0,0,,24.0,,,,11/08/2023 2:58:22 PM
,2250191 ,131,15.4,-1.2,3.1,20.2, , , ,7.6,45.9,100.0,14.9,10.0,15.8,16.1,0,0.6,0.20,70.5,62.9, ,,0,175,,,15.9,2.9,18.1,, ,0,0,,22.7,,,,11/08/2023 2:58:48 PM
,211486  ,381,18.0,+1.4,2.3,13.0, , , ,5.1,5.0,100.0,16.5,25.0,17.7,18.7,15.0,-0.2,0.50,70.0,61.3, ,,0,174,,,18.0,2.7,15.3,, ,0,40.6,,24.0,,,,11/08/2023 2:59:11 PM
,2250017 ,51,14.7,-1.9,2.1,14.2, , , ,3.6,44.1,100.0,13.5,10.0,14.6,15.1,0,0.2,0.40,102.2,78.6, ,,0,173,,,14.9,2.2,14.8,, ,0,0,,25.8,,,,11/08/2023 2:59:59 PM
,211106  ,347,17.6,+1.0,2.3,13.3, , , ,4.3,9.1,100.0,16.2,20.0,17.4,17.5,0,-0.2,0.10,61.3,43.3, ,,0,172,,,17.5,2.8,16.2,, ,0,34.3,,22.6,,,,11/08/2023 3:00:20 PM
,211886  ,217,16.3,-0.3,2.4,14.5, , , ,4.3,23.2,100.0,15.1,30.0,16.2,17.0,0,0.3,0.30,78.1,55.9, ,,0,171,,,16.8,3.3,19.4,, ,0,34.5,,24.1,,,,11/08/2023 3:00:50 PM
,211227  ,296,17.0,+0.4,2.3,13.8, , , ,4.0,14.6,100.0,15.7,30.0,16.6,17.4,15.0,0,0.40,86.9,58.8, ,,0,170,,,16.7,2.0,12.2,, ,0,36.4,,25.6,,,,11/08/2023 3:01:11 PM
,2250144 ,5,13.2,-3.4,2.7,20.3, , , ,6.3,74.0,100.0,12.8,25.0,13.0,13.3,0,0,0.20,81.8,62.8, ,,0,169,,,13.3,2.7,20.3,, ,0,29.9,,22.6,,,,11/08/2023 3:01:29 PM
,211731  ,317,17.3,+0.7,4.0,23.0, , , ,5.4,16.9,98.8,17.2,15.0,18.2,18.2,0,0.9,0,80.7,56.1, ,,0,168,,,18.2,4.3,23.9,, ,0,0,,25.0,,,,11/08/2023 3:01:53 PM
,2210630 ,241,16.5,-0.1,3.2,19.5, , , ,6.5,30.7,100.0,15.8,25.0,15.5,17.0,5.0,0.2,0.70,84.5,55.6, ,,0,167,,,16.5,3.0,18.3,, ,0,32.4,,25.0,,,,11/08/2023 3:02:20 PM
,211209  ,252,16.6,0,2.3,13.7, , , ,4.9,18.5,100.0,15.3,15.0,16.3,16.4,0,-0.3,0.10,79.2,60.0, ,,0,166,,,16.4,2.2,13.6,, ,0,0,,24.4,,,,11/08/2023 3:02:41 PM
,2250190 ,78,15.0,-1.6,2.2,14.3, , , ,4.5,45.0,100.0,13.9,30.0,14.6,15.1,15.0,0,0.20,85.1,58.1, ,,0,165,,,14.9,2.1,13.7,, ,0,30.6,,24.1,,,,11/08/2023 3:03:05 PM
,2210437 ,179,15.9,-0.7,2.4,15.2, , , ,4.7,27.3,100.0,14.8,20.0,15.3,15.6,0,-0.4,0.20,67.7,48.4, ,,0,164,,,15.5,2.4,15.7,, ,0,30.8,,22.6,,,,11/08/2023 3:03:34 PM
,2250449 ,328,17.4,+0.8,3.7,21.6, , , ,7.5,22.2,99.5,17.0,15.0,17.6,18.0,0,0.4,0.20,97.3,64.1, ,,0,163,,,17.9,3.6,20.3,, ,0,0,,27.3,,,,11/08/2023 3:04:03 PM
,211607  ,375,17.9,+1.3,3.1,17.0, , , ,5.9,11.7,99.7,16.9,30.0,17.3,18.9,0,0.2,0.70,55.4,43.5, ,,0,162,,,18.7,3.2,16.9,, ,0,41.5,,21.9,,,,11/08/2023 3:05:22 PM
,2250143 ,60,14.8,-1.8,2.3,15.6, , , ,4.0,44.5,100.0,13.8,25.0,14.2,15.2,5.0,0.1,0.40,73.6,53.4, ,,0,161,,,14.6,2.0,13.7,, ,0,29.5,,22.7,,,,11/08/2023 3:05:56 PM
,2210459 ,215,16.3,-0.3,3.6,22.1, , , ,6.7,33.1,99.2,16.0,15.0,16.0,16.4,5.0,-0.1,0.20,100.3,77.7, ,,0,160,,,16.1,3.0,18.8,, ,0,0,,26.8,,,,11/08/2023 3:07:17 PM
,211307  ,55,14.7,-1.9,1.8,12.2, , , ,3.2,47.7,100.0,13.4,30.0,14.5,14.7,0,-0.1,0.10,57.6,50.4, ,,0,159,,,14.6,2.0,13.4,, ,0,35.3,,20.8,,,,11/08/2023 3:07:53 PM
,2250587 ,235,16.5,-0.1,3.7,22.2, , , ,7.1,28.6,99.4,16.2,15.0,15.1,17.1,5.0,-0.4,1.20,101.8,64.9, ,,0,158,,,15.7,3.3,20.7,, ,0,0,,27.2,,,,11/08/2023 3:08:47 PM
,2250231 ,282,16.9,+0.3,3.0,17.6, , , ,5.4,21.4,100.0,16.0,20.0,17.7,18.4,10.0,1.2,0.30,93.7,57.3, ,,0,157,,,17.7,4.7,26.5,, ,0,34.1,,26.4,,,,11/08/2023 3:09:37 PM
,2210081 ,267,16.7,+0.1,2.3,14.0, , , ,4.8,14.3,100.0,15.4,15.0,16.6,17.2,5.0,0.2,0.30,73.5,53.8, ,,0,156,,,16.8,2.9,17.2,, ,0,0,,23.7,,,,11/08/2023 3:10:28 PM
,2250533 ,188,16.1,-0.5,3.1,19.4, , , ,6.1,33.8,100.0,15.5,25.0,15.2,16.2,5.0,0.1,0.40,80.0,65.8, ,,0,155,,,16.1,4.9,30.2,, ,0,34.8,,24.2,,,,11/08/2023 3:11:00 PM
,215212  ,194,16.1,-0.5,2.6,16.4, , , ,5.0,26.4,100.0,15.1,20.0,16.0,16.9,0,0.2,0.40,123.2,83.2, ,,0,154,,,16.7,3.0,17.8,, ,0,31.7,,29.5,,,,11/08/2023 3:11:47 PM
,2250006 ,313,17.2,+0.6,2.9,16.9, , , ,6.8,15.3,100.0,16.2,15.0,16.8,17.4,5.0,-0.1,0.30,101.4,76.0, ,,0,153,,,17.0,2.7,16.2,, ,0,0,,27.7,,,,11/08/2023 3:12:32 PM
,211444  ,153,15.7,-0.9,2.2,13.9, , , ,4.0,28.8,100.0,14.5,25.0,15.6,15.8,0,0,0.10,87.0,59.4, ,,0,152,,,15.8,2.3,14.7,, ,0,34.3,,24.8,,,,11/08/2023 3:13:05 PM
,211972  ,249,16.6,0,2.8,16.9, , , ,5.2,21.2,100.0,15.7,25.0,16.1,17.2,0,0,0.50,72.7,46.0, ,,0,151,,,17.2,2.9,17.1,, ,0,36.4,,23.6,,,,11/08/2023 3:13:33 PM
,229097  ,145,15.5,-1.1,2.7,17.2, , , ,5.7,40.2,100.0,14.7,25.0,15.1,15.5,5.0,-0.2,0.20,80.3,58.0, ,,0,150,,,15.4,2.7,17.7,, ,0,33.6,,23.9,,,,11/08/2023 3:14:17 PM
,211530  ,339,17.5,+0.9,3.0,17.3, , , ,6.6,12.6,100.0,16.5,25.0,16.6,18.5,20.0,0.1,0.90,85.1,62.7, ,,0,149,,,16.7,3.2,18.9,, ,0,39.1,,25.7,,,,11/08/2023 3:14:48 PM
,211469  ,172,15.9,-0.7,2.8,17.6, , , ,5.6,31.9,100.0,15.0,20.0,16.2,17.0,10.0,0.7,0.40,78.1,47.5, ,,0,148,,,16.2,3.2,19.6,, ,0,31.5,,23.8,,,,11/08/2023 3:15:15 PM
,211923  ,135,15.5,-1.1,2.8,17.8, , , ,5.5,38.5,100.0,14.7,15.0,15.5,15.7,5.0,0.1,0.10,61.0,47.6, ,,0,147,,,15.6,2.9,18.9,, ,0,0,,21.6,,,,11/08/2023 3:15:36 PM
,2250059 ,4,13.0,-3.6,2.1,15.8, , , ,4.5,76.2,100.0,12.2,10.0,13.6,13.6,0,0.6,0,101.6,106.0, ,,0,146,,,13.6,2.0,14.5,, ,0,0,,24.4,,,,11/08/2023 3:16:45 PM
,211454  ,420,18.7,+2.1,2.6,14.0, , , ,5.3,2.9,100.0,17.2,20.0,18.4,18.4,0,-0.3,0,88.0,61.0, ,,0,145,,,18.4,2.8,15.2,, ,0,35.9,,26.9,,,,11/08/2023 3:17:17 PM
,229180  ,70,14.9,-1.7,2.0,13.4, , , ,3.9,49.2,100.0,13.7,25.0,14.5,15.0,0,-0.1,0.30,102.9,75.8, ,,0,144,,,14.9,2.0,13.7,, ,0,32.6,,26.1,,,,11/08/2023 3:17:35 PM
,229051  ,24,14.3,-2.3,2.5,17.3, , , ,5.2,60.7,100.0,13.5,25.0,13.8,14.2,0,-0.3,0.20,112.3,81.2, ,,0,143,,,14.2,2.4,16.8,, ,0,31.4,,26.6,,,,11/08/2023 3:17:55 PM
,215642  ,439,19.2,+2.6,3.1,16.0, , , ,6.1,2.8,100.0,18.0,15.0,19.1,19.4,0,0,0.20,69.1,51.1, ,,0,142,,,19.3,2.9,15.2,, ,0,0,,24.5,,,,11/08/2023 3:18:17 PM
,2250001 ,396,18.2,+1.6,2.5,14.0, , , ,4.8,7.2,100.0,16.8,25.0,17.9,18.8,0,0.1,0.50,86.8,63.0, ,,0,141,,,18.6,2.3,12.6,, ,0,38.9,,26.4,,,,11/08/2023 3:18:40 PM
,211230  ,301,17.1,+0.5,2.9,16.8, , , ,5.1,20.4,100.0,16.1,25.0,16.8,18.6,15.0,0.4,0.90,80.1,53.7, ,,0,140,,,16.9,3.9,23.0,, ,0,39.4,,24.8,,,,11/08/2023 3:19:01 PM
,95389   ,272,16.7,+0.1,2.6,15.4, , , ,4.9,20.8,100.0,15.6,20.0,16.4,17.0,10.0,0,0.30,97.2,51.0, ,,0,139,,,16.5,2.3,14.2,, ,0,31.8,,26.7,,,,11/08/2023 3:19:22 PM
,211764  ,376,17.9,+1.3,2.8,15.8, , , ,5.6,16.0,100.0,16.8,10.0,18.0,18.0,0,0.1,0,75.8,56.6, ,,0,138,,,18.0,2.8,15.7,, ,0,0,,24.7,,,,11/08/2023 3:19:46 PM
,2250668 ,73,14.9,-1.7,2.7,18.3, , , ,5.9,51.9,100.0,14.2,15.0,14.7,14.9,0,-0.1,0.10,79.4,69.8, ,,0,137,,,14.8,2.8,18.6,, ,0,0,,23.4,,,,11/08/2023 3:20:13 PM
,211178  ,393,18.1,+1.5,3.6,20.1, , , ,6.4,9.9,98.9,17.5,10.0,19.2,19.2,0,1.1,0,96.2,47.5, ,,0,136,,,19.2,3.5,18.3,, ,0,0,,27.6,,,,11/08/2023 3:20:50 PM
,2210124 ,10,13.4,-3.2,2.2,16.4, , , ,4.4,71.2,100.0,12.6,15.0,13.4,13.4,0,0,0,58.5,44.9, ,,0,135,,,13.4,2.0,15.1,, ,0,0,,20.4,,,,11/08/2023 3:21:25 PM
,211034  ,432,19.0,+2.4,3.2,17.1, , , ,7.0,3.4,99.4,17.9,15.0,18.0,19.6,5.0,-0.2,0.90,97.3,70.1, ,,0,134,,,18.6,3.2,17.0,, ,0,0,,28.5,,,,11/08/2023 3:21:54 PM
,229036  ,23,14.3,-2.3,2.6,18.0, , , ,5.2,56.6,100.0,13.6,15.0,14.3,14.4,5.0,0,0.10,80.9,52.7, ,,0,133,,,14.3,2.5,17.4,, ,0,0,,23.2,,,,11/08/2023 3:22:20 PM
,211357  ,435,19.1,+2.5,3.3,17.4, , , ,6.4,5.9,99.2,18.0,20.0,18.8,19.5,10.0,0.2,0.30,89.1,57.0, ,,0,132,,,19.1,4.1,21.6,, ,0,36.3,,27.3,,,,11/08/2023 3:22:45 PM
,211468  ,309,17.2,+0.6,2.9,16.7, , , ,5.5,14.1,100.0,16.2,20.0,17.0,17.4,5.0,0,0.20,71.0,45.1, ,,0,131,,,17.1,3.0,17.6,, ,0,30.0,,23.7,,,,11/08/2023 3:23:06 PM
,2210244 ,112,15.3,-1.3,2.3,15.0, , , ,4.6,40.6,100.0,14.2,35.0,15.1,16.0,20.0,0.2,0.40,76.6,67.8, ,,0,130,,,15.1,2.0,13.3,, ,0,36.5,,23.3,,,,11/08/2023 3:23:34 PM
,211606  ,303,17.1,+0.5,3.0,17.3, , , ,5.2,22.4,100.0,16.2,5.0,0,0,0,-17.1,0,92.0,55.0, ,,0,129,,,0,0,0,, ,0,0,,26.4,,,,11/08/2023 3:24:13 PM
,2210212 ,22,14.2,-2.4,1.9,13.4, , , ,3.9,60.4,100.0,13.1,25.0,14.1,14.5,10.0,0.1,0.20,69.5,62.3, ,,0,128,,,14.1,1.8,12.8,, ,0,27.8,,21.9,,,,11/08/2023 3:24:47 PM
,211175  ,379,18.0,+1.4,2.6,14.4, , , ,4.7,5.6,99.5,16.7,40.0,16.9,19.3,20.0,0.4,0.90,79.3,61.8, ,,0,127,,,17.6,2.6,14.6,, ,0,41.6,,25.2,,,,11/08/2023 3:25:15 PM
,2250193 ,280,16.8,+0.2,3.1,18.4, , , ,5.8,25.2,100.0,16.0,20.0,16.4,17.9,10.0,0.4,0.90,83.4,61.6, ,,0,126,,,16.9,3.5,21.0,, ,0,32.8,,25.0,,,,11/08/2023 3:25:35 PM
,2210492 ,107,15.3,-1.3,1.9,12.3, , , ,3.6,33.5,100.0,14.0,25.0,14.8,15.7,15.0,-0.1,0.50,85.3,62.4, ,,0,125,,,15.0,1.8,11.9,, ,0,35.5,,24.3,,,,11/08/2023 3:26:05 PM
,211448  ,395,18.2,+1.6,2.6,14.5, , , ,4.7,8.8,100.0,16.8,5.0,0,0,0,-18.2,0,62.3,54.2, ,,0,124,,,0,0,0,, ,0,0,,23.0,,,,11/08/2023 3:26:40 PM
,2250018 ,205,16.2,-0.4,3.4,20.9, , , ,6.5,39.6,100.0,15.8,30.0,15.0,17.3,0,-0.1,1.10,69.9,60.3, ,,0,123,,,16.6,3.6,21.9,, ,0,37.3,,23.0,,,,11/08/2023 3:27:00 PM
,2210149 ,156,15.7,-0.9,2.5,15.8, , , ,4.8,32.7,100.0,14.7,30.0,15.2,16.2,0,0,0.40,83.0,60.3, ,,0,122,,,16.1,2.5,15.7,, ,0,37.5,,24.3,,,,11/08/2023 3:27:27 PM
,2210422 ,29,14.3,-2.3,2.3,15.9, , , ,5.0,61.4,100.0,13.4,25.0,13.9,14.7,0,0,0.40,68.8,50.5, ,,0,121,,,14.5,2.2,15.3,, ,0,31.8,,21.9,,,,11/08/2023 3:27:51 PM
,2250438 ,191,16.1,-0.5,2.4,14.6, , , ,4.9,23.2,100.0,14.9,10.0,15.9,15.9,0,-0.2,0,90.9,59.2, ,,0,120,,,15.9,2.3,14.8,, ,0,0,,25.5,,,,11/08/2023 3:28:16 PM
,99151   ,121,15.4,-1.2,3.0,19.3, , , ,5.6,40.8,100.0,14.8,25.0,15.3,15.5,10.0,0,0.10,67.2,48.5, ,,0,119,,,15.3,3.2,20.8,, ,0,29.8,,22.3,,,,11/08/2023 3:28:42 PM
,2210283 ,12,13.6,-3.0,2.2,15.8, , , ,4.2,72.0,100.0,12.7,20.0,13.2,14.5,5.0,0.4,0.60,89.4,59.6, ,,0,118,,,13.4,2.1,15.4,, ,0,24.0,,23.6,,,,11/08/2023 3:29:07 PM
,2210047 ,40,14.5,-2.1,2.2,15.0, , , ,4.5,52.1,100.0,13.5,30.0,14.3,15.7,20.0,-0.1,0.60,73.6,48.2, ,,0,117,,,14.7,2.2,14.7,, ,0,34.8,,22.5,,,,11/08/2023 3:29:38 PM
,2250063 ,315,17.2,+0.6,3.0,17.4, , , ,6.2,15.8,99.5,16.2,10.0,16.9,17.6,0,0,0.50,92.0,67.7, ,,0,116,,,17.3,3.1,17.9,, ,0,0,,26.4,,,,11/08/2023 3:30:00 PM
,2210020 ,257,16.6,0,2.4,14.4, , , ,4.4,16.9,100.0,15.3,20.0,16.5,16.6,0,-0.1,0.10,84.5,48.1, ,,0,115,,,16.6,2.5,15.0,, ,0,32.7,,25.1,,,,11/08/2023 3:30:27 PM
,211247  ,327,17.3,+0.7,2.1,12.2, , , ,3.7,11.3,100.0,15.8,15.0,16.7,17.2,0,-0.4,0.30,74.8,52.3, ,,0,114,,,17.0,2.1,12.3,, ,0,0,,24.2,,,,11/08/2023 3:30:50 PM
,211319  ,277,16.8,+0.2,2.7,16.1, , , ,5.2,18.1,100.0,15.8,15.0,16.7,17.4,0,0.3,0.40,95.4,68.2, ,,0,113,,,17.1,3.0,17.4,, ,0,0,,26.6,,,,11/08/2023 3:31:15 PM
,2250119 ,7,13.4,-3.2,2.1,15.6, , , ,4.8,74.8,100.0,12.5,5.0,0,0,0,-13.4,0,84.5,57.4, ,,0,112,,,0,0,0,, ,0,0,,23.0,,,,11/08/2023 3:31:38 PM
,215708  ,461,20.5,+3.9,3.0,14.6, , , ,5.5,0,98.8,19.0,25.0,20.1,21.4,15.0,0.1,0.60,57.6,48.4, ,,0,111,,,20.2,3.2,15.8,, ,0,41.7,,23.4,,,,11/08/2023 3:32:03 PM
,2210855 ,81,15.0,-1.6,2.8,18.4, , , ,5.2,52.5,100.0,14.3,20.0,14.6,15.5,5.0,0.1,0.40,88.0,61.7, ,,0,110,,,14.6,2.2,15.0,, ,0,26.0,,24.4,,,,11/08/2023 3:32:30 PM
,2210415 ,28,14.3,-2.3,2.8,19.7, , , ,6.0,53.4,100.0,13.8,10.0,14.3,14.3,0,0,0,76.2,56.8, ,,0,109,,,14.3,2.7,18.7,, ,0,0,,22.7,,,,11/08/2023 3:32:54 PM
,211225  ,56,14.7,-1.9,2.3,15.3, , , ,5.0,46.3,100.0,13.7,20.0,14.7,15.3,10.0,0.3,0.30,80.9,54.7, ,,0,108,,,14.9,2.7,18.3,, ,0,29.1,,23.4,,,,11/08/2023 3:33:23 PM
,2250171 ,149,15.6,-1.0,3.1,19.7, , , ,5.9,40.3,100.0,15.0,25.0,15.2,15.8,15.0,-0.1,0.30,103.4,77.7, ,,0,107,,,15.4,3.0,19.4,, ,0,36.0,,26.7,,,,11/08/2023 3:33:43 PM
,211912  ,312,17.2,+0.6,3.0,17.3, , , ,6.1,18.8,100.0,16.2,30.0,17.6,18.2,20.0,0.5,0.30,51.5,38.8, ,,0,106,,,17.8,3.8,21.5,, ,0,40.1,,21.1,,,,11/08/2023 3:34:05 PM
,211115  ,306,17.1,+0.5,2.5,14.8, , , ,4.7,12.9,100.0,15.9,30.0,16.7,17.7,10.0,0.1,0.50,66.7,56.1, ,,0,105,,,17.6,2.5,14.2,, ,0,35.5,,23.1,,,,11/08/2023 3:34:28 PM
,211546  ,334,17.5,+0.9,3.2,18.3, , , ,6.4,18.7,100.0,16.7,25.0,16.9,18.5,10.0,0.2,0.70,77.8,56.8, ,,0,104,,,17.0,3.1,18.2,, ,0,33.1,,24.7,,,,11/08/2023 3:34:51 PM
,211626  ,278,16.8,+0.2,1.8,11.0, , , ,3.6,6.8,100.0,15.3,15.0,16.3,17.0,0,-0.1,0.40,85.2,66.9, ,,0,103,,,16.5,1.8,10.9,, ,0,0,,25.3,,,,11/08/2023 3:35:10 PM
,2250138 ,104,15.3,-1.3,3.3,21.7, , , ,6.6,46.2,100.0,14.9,20.0,15.0,15.7,5.0,0.1,0.40,87.7,56.8, ,,0,102,,,15.5,3.5,22.7,, ,0,30.7,,24.6,,,,11/08/2023 3:35:54 PM
,2250422 ,269,16.7,+0.1,2.4,14.2, , , ,5.1,16.3,100.0,15.4,15.0,16.2,16.2,0,-0.5,0,85.7,57.4, ,,0,101,,,16.2,2.1,13.1,, ,0,0,,25.3,,,,11/08/2023 3:36:26 PM
,211374  ,415,18.6,+2.0,2.7,14.7, , , ,5.1,5.2,100.0,17.3,15.0,18.2,18.4,10.0,-0.4,0.10,65.3,47.6, ,,0,100,,,18.3,2.8,15.3,, ,0,0,,23.6,,,,11/08/2023 3:36:48 PM
,2210112 ,57,14.7,-1.9,2.6,17.9, , , ,5.4,52.0,100.0,14.0,10.0,14.2,14.4,0,-0.4,0.10,77.2,53.5, ,,0,99,,,14.3,2.7,18.8,, ,0,0,,23.0,,,,11/08/2023 3:37:12 PM
,211818  ,148,15.6,-1.0,2.9,18.7, , , ,6.6,40.7,100.0,14.9,15.0,14.3,16.6,10.0,-0.2,1.20,79.1,58.3, ,,0,98,,,15.4,2.8,18.5,, ,0,0,,23.8,,,,11/08/2023 3:37:31 PM
,2210443 ,93,15.2,-1.4,2.5,16.5, , , ,5.6,43.4,100.0,14.2,30.0,15.2,15.4,20.0,0.1,0.10,73.8,52.4, ,,0,97,,,15.2,2.7,17.6,, ,0,35.5,,22.9,,,,11/08/2023 3:37:53 PM
,2210086 ,333,17.4,+0.8,3.1,17.9, , , ,4.6,22.2,100.0,16.5,5.0,0,0,0,-17.4,0,73.8,52.4, ,,0,96,,,0,0,0,, ,0,0,,24.2,,,,11/08/2023 3:38:43 PM
,215447  ,405,18.3,+1.7,3.0,16.5, , , ,5.6,7.9,99.7,17.2,15.0,17.8,17.8,0,-0.5,0,112.0,69.9, ,,0,95,,,17.8,2.6,14.4,, ,0,0,,30.0,,,,11/08/2023 3:39:17 PM
,211169  ,355,17.6,+1.0,2.6,14.8, , , ,5.7,9.8,100.0,16.3,25.0,17.2,18.2,15.0,0,0.50,86.8,66.6, ,,0,94,,,17.6,2.7,15.4,, ,0,39.9,,26.0,,,,11/08/2023 3:39:33 PM
,215326  ,436,19.2,+2.6,3.0,15.4, , , ,5.0,5.5,100.0,17.9,10.0,19.2,19.3,0,0,0.10,82.4,57.6, ,,0,93,,,19.3,3.0,15.6,, ,0,0,,26.4,,,,11/08/2023 3:40:02 PM
,229111  ,130,15.4,-1.2,2.6,16.9, , , ,5.1,37.1,100.0,14.5,20.0,14.8,16.0,0,0,0.60,107.1,72.1, ,,0,92,,,15.9,2.6,16.1,, ,0,31.0,,26.9,,,,11/08/2023 3:40:26 PM
,2210176 ,13,13.6,-3.0,2.0,14.6, , , ,3.9,70.7,100.0,12.6,20.0,13.7,13.7,0,0.1,0,69.8,48.1, ,,0,91,,,13.7,2.1,15.5,, ,0,27.8,,21.6,,,,11/08/2023 3:40:46 PM
,2210416 ,3,12.9,-3.7,2.3,17.8, , , ,5.2,74.1,100.0,12.3,25.0,13.0,13.2,10.0,0.2,0.10,91.6,64.6, ,,0,90,,,13.0,2.1,16.3,, ,0,25.8,,23.4,,,,11/08/2023 3:41:08 PM
,211146  ,260,16.7,+0.1,2.3,13.8, , , ,5.5,13.5,100.0,15.4,15.0,16.7,16.7,0,0,0,90.1,77.2, ,,0,89,,,16.7,2.2,12.9,, ,0,0,,25.8,,,,11/08/2023 3:41:39 PM
,211360  ,65,14.8,-1.8,2.1,13.9, , , ,3.7,45.0,100.0,13.7,10.0,14.4,14.5,0,-0.4,0.10,79.9,56.2, ,,0,88,,,14.5,1.9,12.9,, ,0,0,,23.4,,,,11/08/2023 3:42:03 PM
,211238  ,140,15.5,-1.1,2.7,17.1, , , ,4.5,36.8,100.0,14.6,10.0,15.5,15.5,0,0,0,74.7,52.1, ,,0,87,,,15.5,2.3,15.1,, ,0,0,,23.2,,,,11/08/2023 3:42:28 PM
,2210235 ,240,16.5,-0.1,2.8,17.2, , , ,6.1,24.4,100.0,15.5,15.0,16.6,16.6,0,0.1,0,67.7,45.4, ,,0,86,,,16.6,3.5,20.8,, ,0,0,,22.9,,,,11/08/2023 3:43:36 PM
,2210015 ,108,15.3,-1.3,2.5,16.2, , , ,4.7,42.1,100.0,14.4,15.0,15.4,15.4,0,0.1,0,84.2,55.1, ,,0,85,,,15.4,2.6,16.8,, ,0,0,,24.2,,,,11/08/2023 3:44:13 PM
,81105   ,399,18.2,+1.6,3.5,19.4, , , ,5.2,9.7,99.0,17.5,15.0,17.0,17.9,0,-0.8,0.50,66.2,42.6, ,,0,84,,,17.6,3.3,18.8,, ,0,0,,23.6,,,,11/08/2023 3:44:34 PM
,211018  ,352,17.6,+1.0,2.3,13.3, , , ,4.3,6.7,100.0,16.2,25.0,17.3,17.5,0,-0.2,0.10,67.8,41.5, ,,0,83,,,17.5,2.3,13.1,, ,0,37.3,,23.5,,,,11/08/2023 3:45:21 PM
,215493  ,297,17.0,+0.4,2.6,15.5, , , ,5.4,17.7,100.0,15.8,20.0,16.6,17.1,0,-0.2,0.20,66.6,50.3, ,,0,82,,,17.0,2.8,16.3,, ,0,33.4,,23.0,,,,11/08/2023 3:45:59 PM
,215166  ,456,20.1,+3.5,3.1,15.5, , , ,5.6,0,98.8,18.7,40.0,19.1,20.7,0,-0.2,0.70,76.8,56.9, ,,0,81,,,20.7,2.7,12.9,, ,0,49.4,,26.1,,,,11/08/2023 3:46:28 PM
,2210669 ,21,14.2,-2.4,2.3,15.9, , , ,4.5,62.0,100.0,13.3,10.0,14.4,14.4,0,0.2,0,95.5,61.5, ,,0,80,,,14.4,2.1,14.4,, ,0,0,,24.7,,,,11/08/2023 3:46:48 PM
,211114  ,94,15.2,-1.4,2.5,16.7, , , ,4.4,38.9,100.0,14.3,15.0,14.6,15.0,0,-0.4,0.20,77.9,56.6, ,,0,79,,,14.9,2.5,17.0,, ,0,0,,23.4,,,,11/08/2023 3:47:32 PM
,211121  ,295,17.0,+0.4,2.8,16.5, , , ,4.8,19.0,100.0,16.0,20.0,16.7,17.3,0,0,0.30,60.1,54.7, ,,0,78,,,17.1,2.9,17.1,, ,0,33.5,,22.2,,,,11/08/2023 3:48:03 PM
,211108  ,190,16.1,-0.5,2.1,13.3, , , ,4.5,25.0,100.0,14.8,10.0,16.1,16.1,0,0,0,101.2,60.9, ,,0,77,,,16.1,2.1,13.0,, ,0,0,,26.8,,,,11/08/2023 3:48:26 PM
,215852  ,84,15.1,-1.5,2.2,14.6, , , ,4.4,39.2,100.0,14.0,30.0,14.6,15.4,5.0,0.2,0.30,84.4,57.0, ,,0,76,,,15.3,2.2,14.2,, ,0,34.2,,24.1,,,,11/08/2023 3:49:00 PM
,211416  ,254,16.6,0,2.6,15.5, , , ,4.8,20.5,100.0,15.5,25.0,15.9,17.6,15.0,0.1,0.90,61.6,47.5, ,,0,75,,,16.0,2.8,17.6,, ,0,37.9,,22.2,,,,11/08/2023 3:49:24 PM
,2250731 ,88,15.1,-1.5,2.8,18.3, , , ,5.5,48.8,100.0,14.4,20.0,15.2,15.4,10.0,0.2,0.10,83.1,55.8, ,,0,74,,,15.3,2.8,18.6,, ,0,29.6,,23.9,,,,11/08/2023 3:49:49 PM
,2250264 ,48,14.6,-2.0,2.5,17.1, , , ,4.8,49.7,100.0,13.8,35.0,13.8,15.5,20.0,-0.2,0.60,71.3,59.3, ,,0,73,,,14.1,2.6,18.5,, ,0,33.0,,22.3,,,,11/08/2023 3:50:42 PM
,229127  ,311,17.2,+0.6,2.5,14.2, , , ,4.6,11.0,100.0,15.9,25.0,16.9,17.4,0,-0.1,0.20,95.8,61.8, ,,0,72,,,17.3,2.4,13.6,, ,0,36.8,,26.9,,,,11/08/2023 3:51:09 PM
,229046  ,115,15.3,-1.3,2.8,18.2, , , ,4.7,40.4,100.0,14.6,15.0,15.6,15.6,0,0.3,0,98.8,61.4, ,,0,71,,,15.6,2.8,18.1,, ,0,0,,25.9,,,,11/08/2023 3:51:54 PM
,2210108 ,192,16.1,-0.5,2.5,15.4, , , ,4.9,26.1,100.0,15.0,15.0,16.0,16.5,5.0,0.1,0.30,65.2,48.6, ,,0,70,,,16.2,2.5,15.6,, ,0,0,,22.4,,,,11/08/2023 3:52:42 PM
,211191  ,329,17.4,+0.8,2.5,14.4, , , ,5.3,9.4,100.0,16.2,15.0,17.3,17.7,0,0.1,0.20,70.4,53.2, ,,0,69,,,17.6,2.6,14.8,, ,0,0,,23.7,,,,11/08/2023 3:53:13 PM
,211181  ,378,18.0,+1.4,2.6,14.6, , , ,5.0,5.8,100.0,16.7,20.0,17.8,18.4,10.0,0.1,0.30,61.6,47.8, ,,0,68,,,17.9,2.9,16.0,, ,0,34.3,,22.8,,,,11/08/2023 3:54:04 PM
,2250187 ,294,17.0,+0.4,3.0,17.5, , , ,5.8,22.1,100.0,16.1,15.0,16.0,16.0,0,-1.0,0,79.3,55.0, ,,0,67,,,16.0,2.8,17.4,, ,0,0,,24.6,,,,11/08/2023 3:54:35 PM
,2250185 ,229,16.4,-0.2,2.9,17.8, , , ,6.7,27.3,100.0,15.6,15.0,16.1,16.6,10.0,0,0.30,70.1,52.6, ,,0,66,,,16.4,2.7,16.4,, ,0,0,,23.1,,,,11/08/2023 3:55:00 PM
,211392  ,354,17.6,+1.0,2.5,14.2, , , ,4.3,9.9,100.0,16.3,15.0,17.4,17.4,0,-0.2,0,97.4,65.5, ,,0,65,,,17.4,2.1,12.1,, ,0,0,,27.4,,,,11/08/2023 3:55:33 PM
,215003  ,349,17.6,+1.0,3.1,17.6, , , ,6.1,14.2,100.0,16.7,20.0,17.3,17.5,10.0,-0.2,0.10,77.4,63.5, ,,0,64,,,17.4,3.4,19.5,, ,0,33.3,,24.8,,,,11/08/2023 3:56:03 PM
,2250108 ,231,16.4,-0.2,3.5,21.6, , , ,7.1,29.5,100.0,16.0,15.0,16.4,16.4,0,0,0,88.5,79.9, ,,0,63,,,16.4,3.5,21.1,, ,0,0,,25.4,,,,11/08/2023 3:56:26 PM
,211460  ,218,16.3,-0.3,2.4,14.6, , , ,4.6,21.3,100.0,15.1,15.0,16.1,16.3,5.0,-0.1,0.10,92.4,54.3, ,,0,62,,,16.2,2.4,14.7,, ,0,0,,25.8,,,,11/08/2023 3:57:04 PM
,2210755 ,337,17.5,+0.9,3.0,17.0, , , ,5.3,14.3,100.0,16.5,25.0,16.7,18.4,0,0.1,0.80,61.5,47.9, ,,0,61,,,18.1,3.6,19.8,, ,0,37.6,,22.6,,,,11/08/2023 3:57:32 PM
,211939  ,447,19.4,+2.8,2.8,14.4, , , ,5.4,2.3,100.0,18.0,25.0,18.9,20.4,15.0,0.3,0.70,60.9,39.8, ,,0,60,,,19.1,2.6,13.7,, ,0,43.0,,23.4,,,,11/08/2023 3:57:52 PM
,211236  ,281,16.8,+0.2,2.8,16.8, , , ,6.4,17.6,100.0,15.8,20.0,16.4,16.8,0,-0.2,0.20,76.9,61.9, ,,0,59,,,16.7,2.9,17.3,, ,0,32.8,,24.2,,,,11/08/2023 3:58:11 PM
,215404  ,458,20.2,+3.6,3.3,16.5, , , ,5.5,0.3,99.3,19.0,15.0,19.3,19.9,0,-0.6,0.30,68.7,61.2, ,,0,58,,,19.8,3.5,17.7,, ,0,0,,24.9,,,,11/08/2023 3:58:30 PM
,211962  ,11,13.6,-3.0,2.4,17.4, , , ,5.6,72.6,100.0,12.9,15.0,13.6,13.9,0,0.1,0.20,99.5,60.9, ,,0,57,,,13.8,2.5,18.0,, ,0,0,,24.7,,,,11/08/2023 3:58:52 PM
,211220  ,245,16.5,-0.1,4.0,24.0, , , ,8.4,36.1,100.0,16.5,30.0,14.7,19.3,15.0,1.9,1.80,67.5,68.1, ,,0,56,,,16.1,3.8,23.6,, ,0,34.3,,22.9,,,,11/08/2023 3:59:12 PM
,219034  ,220,16.3,-0.3,3.5,21.7, , , ,7.2,37.5,100.0,15.9,20.0,16.1,16.4,0,0,0.20,86.3,65.5, ,,0,55,,,16.3,3.6,22.2,, ,0,32.2,,25.1,,,,11/08/2023 3:59:36 PM
,2210060 ,49,14.6,-2.0,1.7,11.9, , , ,3.5,47.6,100.0,13.4,20.0,14.3,15.4,10.0,0.2,0.50,69.4,50.7, ,,0,54,,,14.5,1.8,12.3,, ,0,28.6,,22.1,,,,11/08/2023 3:59:56 PM
,229195  ,427,18.9,+2.3,3.1,16.6, , , ,5.7,7.1,99.7,17.7,35.0,18.6,20.1,10.0,0.5,0.60,89.4,67.5, ,,0,53,,,18.7,2.9,15.4,, ,0,41.6,,27.2,,,,11/08/2023 4:00:21 PM
,2250256 ,8,13.4,-3.2,1.6,12.1, , , ,3.4,75.4,100.0,12.2,15.0,13.0,13.0,0,-0.4,0,117.9,84.7, ,,0,52,,,13.0,1.5,11.8,, ,0,0,,26.4,,,,11/08/2023 4:00:41 PM
,2210695 ,43,14.5,-2.1,2.7,18.6, , , ,5.3,52.8,100.0,13.9,15.0,14.3,14.3,0,-0.2,0,68.7,48.9, ,,0,51,,,14.3,2.9,20.4,, ,0,0,,22.0,,,,11/08/2023 4:02:24 PM
,2250664 ,91,15.2,-1.4,2.3,15.1, , , ,4.5,42.0,100.0,14.1,10.0,15.1,15.1,0,-0.1,0,104.3,69.7, ,,0,50,,,15.1,2.1,13.7,, ,0,0,,26.4,,,,11/08/2023 4:02:45 PM
,229162  ,142,15.5,-1.1,2.2,14.3, , , ,4.1,34.8,100.0,14.4,15.0,15.7,15.7,0,0.2,0,93.2,78.9, ,,0,49,,,15.7,2.0,12.9,, ,0,0,,25.4,,,,11/08/2023 4:03:11 PM
,211258  ,237,16.5,-0.1,3.4,20.4, , , ,6.1,26.9,100.0,16.0,25.0,16.1,16.3,10.0,-0.3,0.10,84.6,52.0, ,,0,48,,,16.1,3.2,20.1,, ,0,31.2,,25.0,,,,11/08/2023 4:03:31 PM
,2210098 ,138,15.5,-1.1,3.8,24.6, , , ,4.3,41.1,98.9,15.6,15.0,15.6,15.6,0,0.1,0,62.7,50.7, ,,0,47,,,15.6,4.0,25.6,, ,0,0,,21.8,,,,11/08/2023 4:04:02 PM
,2250002 ,364,17.8,+1.2,3.2,17.8, , , ,6.2,13.6,100.0,16.9,15.0,17.7,17.7,0,-0.1,0,90.8,73.5, ,,0,46,,,17.7,3.2,18.0,, ,0,0,,26.7,,,,11/08/2023 4:06:07 PM
,211630  ,335,17.5,+0.9,3.4,19.5, , , ,6.3,19.2,100.0,16.8,15.0,17.0,17.4,5.0,-0.2,0.20,71.3,51.6, ,,0,45,,,17.1,3.4,19.9,, ,0,0,,23.9,,,,11/08/2023 4:06:42 PM
,211193  ,416,18.6,+2.0,3.3,17.8, , , ,5.7,10.4,100.0,17.6,15.0,16.9,19.2,5.0,-0.6,1.30,58.0,48.3, ,,0,44,,,17.6,3.3,18.6,, ,0,0,,22.6,,,,11/08/2023 4:07:14 PM
,2210572 ,76,14.9,-1.7,2.7,18.4, , , ,5.7,54.9,100.0,14.2,15.0,15.2,15.2,0,0.3,0,56.5,44.9, ,,0,43,,,15.2,3.3,22.0,, ,0,0,,20.8,,,,11/08/2023 4:07:37 PM
,2250025 ,17,14.0,-2.6,2.0,14.0, , , ,3.8,59.3,100.0,13.0,10.0,0,13.8,5.0,-7.1,9.80,76.1,62.5, ,,0,42,,,13.8,2.6,18.8,, ,0,0,,22.5,,,,11/08/2023 4:08:05 PM
,211877  ,414,18.6,+2.0,2.5,13.5, , , ,4.9,2.1,99.7,17.1,15.0,18.6,18.8,5.0,0.1,0.10,70.0,46.8, ,,0,41,,,18.7,2.6,13.8,, ,0,0,,24.3,,,,11/08/2023 4:08:30 PM
,211219  ,363,17.8,+1.2,2.4,13.7, , , ,4.8,7.4,100.0,16.4,20.0,17.4,18.8,10.0,0.3,0.70,97.5,74.9, ,,0,40,,,17.7,2.8,16.0,, ,0,34.3,,27.6,,,,11/08/2023 4:08:56 PM
,81560   ,308,17.2,+0.6,3.1,17.9, , , ,7.1,16.0,100.0,16.3,25.0,16.6,17.5,10.0,0.1,0.40,78.6,58.1, ,,0,39,,,17.0,3.2,19.1,, ,0,33.6,,24.7,,,,11/08/2023 4:09:21 PM
,2210807 ,26,14.3,-2.3,2.4,17.0, , , ,5.7,59.7,100.0,13.5,15.0,14.2,14.3,5.0,-0.1,0.10,74.7,56.2, ,,0,38,,,14.2,2.6,18.2,, ,0,0,,22.5,,,,11/08/2023 4:09:44 PM
,2250485 ,37,14.4,-2.2,2.4,16.7, , , ,4.8,58.2,100.0,13.6,20.0,14.1,15.0,10.0,0.2,0.40,130.9,79.5, ,,0,37,,,14.1,2.7,18.8,, ,0,27.9,,28.7,,,,11/08/2023 4:10:07 PM
,211983  ,407,18.4,+1.8,3.2,17.3, , , ,6.4,6.7,99.6,17.4,25.0,17.7,19.2,15.0,-0.2,0.70,74.3,60.0, ,,0,36,,,17.8,2.7,15.3,, ,0,40.7,,24.8,,,,11/08/2023 4:10:41 PM
,211261  ,360,17.7,+1.1,2.7,15.4, , , ,5.7,11.3,100.0,16.5,20.0,17.7,18.5,5.0,0.4,0.40,67.6,49.1, ,,0,35,,,17.8,2.8,15.6,, ,0,31.4,,23.5,,,,11/08/2023 4:11:04 PM
,211503  ,262,16.7,+0.1,2.5,15.2, , , ,5.4,19.4,100.0,15.6,20.0,16.0,17.0,0,-0.2,0.60,84.6,71.9, ,,0,34,,,16.6,2.6,15.5,, ,0,32.6,,25.1,,,,11/08/2023 4:11:29 PM
,2210084 ,310,17.2,+0.6,2.8,16.5, , , ,5.1,14.3,99.7,16.1,15.0,17.0,17.9,0,0.2,0.50,66.8,44.8, ,,0,33,,,17.3,2.8,16.2,, ,0,0,,23.1,,,,11/08/2023 4:11:52 PM
,2250325 ,225,16.4,-0.2,3.6,22.1, , , ,7.3,31.4,100.0,16.1,20.0,15.5,17.2,10.0,0.1,0.80,89.3,72.2, ,,0,32,,,16.0,3.6,22.4,, ,0,31.4,,25.5,,,,11/08/2023 4:12:15 PM
,2250516 ,67,14.8,-1.8,2.5,16.7, , , ,4.7,47.2,100.0,13.9,20.0,14.2,15.4,0,0,0.60,91.4,60.9, ,,0,31,,,15.1,2.4,16.1,, ,0,29.8,,24.7,,,,11/08/2023 4:12:40 PM
,2250114 ,74,14.9,-1.7,2.8,19.1, , , ,5.6,47.1,100.0,14.3,25.0,14.5,15.6,0,0.2,0.60,92.0,69.8, ,,0,30,,,15.4,3.0,19.4,, ,0,33.2,,24.8,,,,11/08/2023 4:13:06 PM
,215790  ,227,16.4,-0.2,2.5,15.0, , , ,5.6,18.4,100.0,15.3,15.0,16.3,16.5,10.0,0,0.10,81.7,56.1, ,,0,29,,,16.4,2.5,15.3,, ,0,0,,24.6,,,,11/08/2023 4:13:28 PM
,215286  ,362,17.7,+1.1,2.5,14.0, , , ,4.9,10.2,100.0,16.3,20.0,17.6,18.1,0,0.1,0.30,81.1,66.6, ,,0,28,,,17.9,2.5,14.2,, ,0,35.0,,25.3,,,,11/08/2023 4:13:58 PM
,5430    ,428,19.0,+2.4,2.9,15.0, , , ,5.0,6.5,100.0,17.7,15.0,19.6,19.6,0,0.6,0,78.9,75.5, ,,0,27,,,19.6,2.1,10.6,, ,0,0,,25.8,,,,11/08/2023 4:14:24 PM
,2250406 ,243,16.5,-0.1,2.7,16.2, , , ,5.3,20.0,100.0,15.5,30.0,15.9,17.5,20.0,-0.1,0.70,97.4,62.7, ,,0,26,,,15.9,2.6,16.6,, ,0,37.6,,26.6,,,,11/08/2023 4:15:20 PM
,2250071 ,348,17.6,+1.0,3.3,18.5, , , ,6.3,15.8,100.0,16.8,25.0,16.8,18.5,10.0,0.2,0.70,56.3,37.3, ,,0,25,,,17.0,3.2,18.8,, ,0,33.4,,21.9,,,,11/08/2023 4:15:48 PM
,75215   ,422,18.7,+2.1,3.6,19.0, , , ,6.1,9.1,99.3,17.9,20.0,17.5,19.4,10.0,0,0.80,74.1,53.0, ,,0,24,,,17.8,3.6,20.4,, ,0,34.7,,24.9,,,,11/08/2023 4:16:13 PM
,211337  ,287,16.9,+0.3,2.7,16.2, , , ,5.8,16.5,100.0,15.9,25.0,15.8,18.6,0,-0.4,1.20,66.4,49.3, ,,0,23,,,18.0,2.9,16.0,, ,0,36.9,,22.9,,,,11/08/2023 4:16:45 PM
,2250177 ,16,13.9,-2.7,1.9,13.3, , , ,4.1,64.3,100.0,12.8,20.0,14.1,14.1,0,0.2,0,84.9,59.8, ,,0,22,,,14.1,1.7,11.7,, ,0,28.5,,23.4,,,,11/08/2023 4:17:14 PM
,211043  ,408,18.5,+1.9,3.6,19.4, , , ,5.2,11.1,98.9,17.8,15.0,18.7,18.7,0,0.2,0,90.9,65.2, ,,0,21,,,18.7,3.0,16.2,, ,0,0,,27.2,,,,11/08/2023 4:18:00 PM
,211152  ,165,15.8,-0.8,3.1,19.8, , , ,5.9,39.0,100.0,15.2,35.0,14.9,16.9,25.0,0.1,0.80,77.0,58.1, ,,0,20,,,15.0,2.8,18.7,, ,0,40.4,,23.6,,,,11/08/2023 4:18:28 PM
,229042  ,105,15.3,-1.3,3.4,22.4, , , ,6.5,55.2,100.0,15.1,15.0,15.1,15.1,0,-0.2,0,83.2,59.3, ,,0,19,,,15.1,3.3,21.9,, ,0,0,,24.1,,,,11/08/2023 4:18:55 PM
,211400  ,265,16.7,+0.1,2.5,14.9, , , ,4.8,16.8,100.0,15.5,20.0,16.5,17.0,5.0,0.1,0.20,65.1,50.3, ,,0,18,,,16.6,2.7,16.1,, ,0,29.3,,22.7,,,,11/08/2023 4:19:22 PM
,211351  ,248,16.6,0,2.6,15.8, , , ,5.2,20.7,100.0,15.5,25.0,16.2,16.6,10.0,-0.2,0.20,88.0,55.6, ,,0,17,,,16.2,2.2,13.4,, ,0,31.5,,25.5,,,,11/08/2023 4:19:44 PM
,229230  ,68,14.8,-1.8,2.3,15.9, , , ,4.5,48.7,100.0,13.8,25.0,13.7,15.2,10.0,-0.2,0.60,101.3,62.0, ,,0,16,,,13.9,2.3,16.4,, ,0,27.9,,25.8,,,,11/08/2023 4:20:05 PM
,211134  ,413,18.6,+2.0,2.9,15.6, , , ,5.9,4.8,100.0,17.4,20.0,18.0,19.1,0,-0.1,0.50,86.4,68.4, ,,0,15,,,19.0,2.5,13.4,, ,0,36.5,,26.6,,,,11/08/2023 4:20:30 PM
,2210340 ,19,14.2,-2.4,2.2,15.6, , , ,4.7,61.1,100.0,13.2,25.0,13.9,14.4,10.0,0.1,0.20,82.1,58.9, ,,0,14,,,14.1,2.3,16.3,, ,0,27.7,,23.3,,,,11/08/2023 4:20:52 PM
,2250470 ,366,17.8,+1.2,3.4,18.9, , , ,6.5,14.8,100.0,17.1,20.0,16.6,19.3,10.0,0.3,1.50,103.2,83.9, ,,0,13,,,17.3,3.4,19.9,, ,0,34.2,,28.4,,,,11/08/2023 4:21:24 PM
,211479  ,320,17.3,+0.7,4.0,22.9, , , ,8.9,21.9,99.8,17.1,25.0,16.3,19.0,5.0,1.0,1.00,78.3,54.7, ,,0,12,,,17.4,3.8,21.6,, ,0,34.4,,24.7,,,,11/08/2023 4:21:50 PM
,2210239 ,27,14.3,-2.3,2.1,14.6, , , ,4.2,60.2,100.0,13.3,15.0,13.7,14.2,0,-0.4,0.30,86.4,52.9, ,,0,11,,,14.1,1.7,12.4,, ,0,0,,23.8,,,,11/08/2023 4:22:15 PM
,2210035 ,99,15.2,-1.4,2.1,13.9, , , ,4.2,42.2,100.0,14.0,15.0,15.1,15.2,5.0,0,0.10,88.8,67.6, ,,0,10,,,15.1,2.1,13.8,, ,0,0,,24.7,,,,11/08/2023 4:22:41 PM
,211963  ,368,17.8,+1.2,3.8,21.5, , , ,7.2,21.4,99.0,17.4,10.0,18.0,18.1,0,0.3,0.10,77.5,46.9, ,,0,9,,,18.0,3.7,20.8,, ,0,0,,24.9,,,,11/08/2023 4:23:05 PM
,211196  ,304,17.1,+0.5,2.4,14.3, , , ,4.8,13.6,100.0,15.9,20.0,16.1,18.0,0,-0.4,0.90,67.2,55.4, ,,0,8,,,17.7,2.3,13.0,, ,0,34.0,,23.1,,,,11/08/2023 4:23:27 PM
,211397  ,173,15.9,-0.7,2.3,14.6, , , ,4.5,25.6,100.0,14.7,20.0,15.3,17.0,10.0,0.3,0.90,77.3,53.3, ,,0,7,,,15.8,2.5,15.8,, ,0,30.9,,23.7,,,,11/08/2023 4:23:53 PM
,211398  ,392,18.1,+1.5,2.6,14.2, , , ,5.0,5.2,100.0,16.8,25.0,17.6,18.9,10.0,0.5,0.50,62.6,47.1, ,,0,6,,,17.9,2.4,13.3,, ,0,34.5,,23.0,,,,11/08/2023 4:24:17 PM
,211113  ,41,14.5,-2.1,2.5,17.3, , , ,5.0,50.7,100.0,13.7,20.0,13.7,14.5,5.0,-0.3,0.40,90.7,67.6, ,,0,5,,,14.2,2.2,15.7,, ,0,28.5,,24.4,,,,11/08/2023 4:24:39 PM
,215368  ,443,19.3,+2.7,4.1,21.3, , , ,8.5,10.0,99.2,18.8,15.0,18.7,20.0,0,-0.3,0.70,76.7,48.0, ,,0,4,,,19.4,4.1,21.2,, ,0,0,,25.7,,,,11/08/2023 4:25:04 PM
,211066  ,164,15.8,-0.8,2.3,14.3, , , ,4.2,29.1,100.0,14.6,20.0,15.3,17.2,0,0.4,0.80,79.5,58.2, ,,0,3,,,16.4,3.5,21.7,, ,0,31.9,,23.9,,,,11/08/2023 4:25:25 PM
,229090  ,356,17.7,+1.1,2.6,15.0, , , ,5.5,9.2,100.0,16.4,10.0,0,17.7,5.0,-8.9,12.50,76.6,53.1, ,,0,2,,,17.7,2.7,15.0,, ,0,0,,24.7,,,,11/08/2023 4:25:50 PM
,211073  ,201,16.2,-0.4,2.9,17.6, , , ,5.8,25.9,100.0,15.4,10.0,16.0,16.1,5.0,-0.2,0.10,83.0,76.1, ,,0,1,,,16.1,2.9,18.0,, ,0,0,,24.6,,,,11/08/2023 4:26:25 PM
